No,Tahun,Bulan,Kode,Nama,Luas_Tan_Akhir_Bulan_Lalu,Luas_Panen_Habis,Luas_Panen_Belum_Habis,Luas_Rusak,Luas_Tambah_Tanam,Luas_Tan_Akhir,Produksi_Habis_Kw,Produksi_Belum_Habis_Kw,Harga_Jual_Petani_RpKg,Bulan_num,Periode,Produksi_kg,Luas_Panen_ha,is_zero_produksi
1,2023,Januari,BWD,Bawang Daun,9,1,0,0,2,10,180.0,0,5000,1,2023-01-01,18000.0,1,0
27,2023,Februari,BWD,Bawang Daun,10,2,0,0,3,11,360.0,0,5500,2,2023-02-01,36000.0,2,0
53,2023,Maret,BWD,Bawang Daun,11,3,0,0,2,10,540.0,0,5500,3,2023-03-01,54000.0,3,0
79,2023,April,BWD,Bawang Daun,10,2,0,0,2,10,360.0,0,5500,4,2023-04-01,36000.0,2,0
105,2023,Mei,BWD,Bawang Daun,10,1,0,0,1,10,180.0,0,5500,5,2023-05-01,18000.0,1,0
131,2023,Juni,BWD,Bawang Daun,10,1,0,0,1,10,80.0,0,5500,6,2023-06-01,8000.0,1,0
157,2023,Juli,BWD,Bawang Daun,10,2,0,0,2,10,120.0,0,7500,7,2023-07-01,12000.0,2,0
183,2023,Agustus,BWD,Bawang Daun,10,2,0,0,2,10,140.0,0,6000,8,2023-08-01,14000.0,2,0
209,2023,September,BWD,Bawang Daun,10,2,0,0,2,10,160.0,0,8000,9,2023-09-01,16000.0,2,0
235,2023,Oktober,BWD,Bawang Daun,10,2,0,0,2,10,145.0,0,7000,10,2023-10-01,14500.0,2,0
261,2023,November,BWD,Bawang Daun,10,5,0,0,5,10,375.0,0,8000,11,2023-11-01,37500.0,5,0
287,2023,Desember,BWD,Bawang Daun,10,3,0,0,3,10,240.0,0,8000,12,2023-12-01,24000.0,3,0
313,2024,Januari,BWD,Bawang Daun,10,3,0,0,7,14,600.0,0,6000,1,2024-01-01,60000.0,3,0
339,2024,Februari,BWD,Bawang Daun,14,3,0,0,2,13,600.0,0,8000,2,2024-02-01,60000.0,3,0
365,2024,Maret,BWD,Bawang Daun,13,3,0,0,6,16,600.0,0,10000,3,2024-03-01,60000.0,3,0
391,2024,April,BWD,Bawang Daun,18,2,14,0,1,17,100.0,1264,6000,4,2024-04-01,136400.0,16,0
417,2024,Mei,BWD,Bawang Daun,9,6,4,0,11,10,315.0,990,6000,5,2024-05-01,130500.0,10,0
443,2024,Juni,BWD,Bawang Daun,12,1,14,0,10,13,974.0,1380,6000,6,2024-06-01,235400.0,15,0
469,2024,Juli,BWD,Bawang Daun,14,6,9,0,13,4,443.0,529,6000,7,2024-07-01,97200.0,15,0
495,2024,Agustus,BWD,Bawang Daun,0,0,0,0,0,0,0.0,0,6260,8,2024-08-01,0.0,0,1
521,2024,September,BWD,Bawang Daun,5,8,1,0,14,5,251.0,708,6000,9,2024-09-01,95900.0,9,0
547,2024,Oktober,BWD,Bawang Daun,6,6,7,0,9,2,557.0,1279,6000,10,2024-10-01,183600.0,13,0
573,2024,November,BWD,Bawang Daun,5,3,4,0,1,5,120.0,782,6000,11,2024-11-01,90200.0,7,0
599,2024,Desember,BWD,Bawang Daun,7,3,8,0,5,17,767.0,905,6000,12,2024-12-01,167200.0,11,0
625,2025,Januari,BWD,Bawang Daun,9,1,0,0,2,10,180.0,0,5000,1,2025-01-01,18000.0,1,0
651,2025,Februari,BWD,Bawang Daun,10,2,0,0,3,11,360.0,0,5500,2,2025-02-01,36000.0,2,0
677,2025,Maret,BWD,Bawang Daun,11,3,0,0,2,10,540.0,0,5500,3,2025-03-01,54000.0,3,0
703,2025,April,BWD,Bawang Daun,10,2,0,0,2,10,360.0,0,5500,4,2025-04-01,36000.0,2,0
729,2025,Mei,BWD,Bawang Daun,10,1,0,0,1,10,180.0,0,5500,5,2025-05-01,18000.0,1,0
755,2025,Juni,BWD,Bawang Daun,10,1,0,0,1,10,80.0,0,5500,6,2025-06-01,8000.0,1,0
781,2025,Juli,BWD,Bawang Daun,10,2,0,0,2,10,120.0,0,7500,7,2025-07-01,12000.0,2,0
807,2025,Agustus,BWD,Bawang Daun,10,2,0,0,2,10,140.0,0,6000,8,2025-08-01,14000.0,2,0
833,2025,September,BWD,Bawang Daun,10,2,0,0,2,10,160.0,0,8000,9,2025-09-01,16000.0,2,0
859,2025,Oktober,BWD,Bawang Daun,10,2,0,0,2,10,145.0,0,7000,10,2025-10-01,14500.0,2,0
885,2025,November,BWD,Bawang Daun,10,5,0,0,5,10,375.0,0,8000,11,2025-11-01,37500.0,5,0
911,2025,Desember,BWD,Bawang Daun,10,3,0,0,3,10,240.0,0,8000,12,2025-12-01,24000.0,3,0
937,2026,Januari,BWD,Bawang Daun,10,3,0,0,7,14,600.0,0,6000,1,2026-01-01,60000.0,3,0
965,2026,Februari,BWD,Bawang Daun,14,3,0,0,2,13,600.0,0,8000,2,2026-02-01,60000.0,3,0
993,2026,Maret,BWD,Bawang Daun,13,3,0,0,6,16,600.0,0,10000,3,2026-03-01,60000.0,3,0
2,2023,Januari,BMR,Bawang Merah,0,0,0,0,0,0,0.0,0,0,1,2023-01-01,0.0,0,1
28,2023,Februari,BMR,Bawang Merah,0,0,0,0,0,0,0.0,0,0,2,2023-02-01,0.0,0,1
54,2023,Maret,BMR,Bawang Merah,0,0,0,0,0,0,0.0,0,0,3,2023-03-01,0.0,0,1
80,2023,April,BMR,Bawang Merah,0,0,0,0,0,0,0.0,0,0,4,2023-04-01,0.0,0,1
106,2023,Mei,BMR,Bawang Merah,0,0,0,0,0,0,0.0,0,0,5,2023-05-01,0.0,0,1
132,2023,Juni,BMR,Bawang Merah,0,0,0,0,0,0,0.0,0,0,6,2023-06-01,0.0,0,1
158,2023,Juli,BMR,Bawang Merah,0,0,0,0,0,0,0.0,0,0,7,2023-07-01,0.0,0,1
184,2023,Agustus,BMR,Bawang Merah,0,0,0,0,0,0,0.0,0,0,8,2023-08-01,0.0,0,1
210,2023,September,BMR,Bawang Merah,0,0,0,0,0,0,0.0,0,0,9,2023-09-01,0.0,0,1
236,2023,Oktober,BMR,Bawang Merah,0,0,0,0,0,0,0.0,0,0,10,2023-10-01,0.0,0,1
262,2023,November,BMR,Bawang Merah,0,0,0,0,0,0,0.0,0,0,11,2023-11-01,0.0,0,1
288,2023,Desember,BMR,Bawang Merah,0,0,0,0,0,0,0.0,0,0,12,2023-12-01,0.0,0,1
314,2024,Januari,BMR,Bawang Merah,0,0,0,0,2,2,0.0,0,35000,1,2024-01-01,0.0,0,1
340,2024,Februari,BMR,Bawang Merah,2,0,0,0,1,3,0.0,0,35000,2,2024-02-01,0.0,0,1
366,2024,Maret,BMR,Bawang Merah,3,2,0,0,1,2,300.0,0,35000,3,2024-03-01,30000.0,2,0
392,2024,April,BMR,Bawang Merah,16,8,7,0,2,2,1599.0,504,35000,4,2024-04-01,210300.0,15,0
418,2024,Mei,BMR,Bawang Merah,0,0,0,0,0,0,0.0,0,35000,5,2024-05-01,0.0,0,1
444,2024,Juni,BMR,Bawang Merah,0,0,0,0,0,0,0.0,0,35000,6,2024-06-01,0.0,0,1
470,2024,Juli,BMR,Bawang Merah,8,7,12,0,8,5,856.0,18,35000,7,2024-07-01,87400.0,19,0
496,2024,Agustus,BMR,Bawang Merah,6,3,11,0,14,13,888.0,962,35000,8,2024-08-01,185000.0,14,0
522,2024,September,BMR,Bawang Merah,4,1,11,0,11,11,1134.0,1425,35000,9,2024-09-01,255900.0,12,0
548,2024,Oktober,BMR,Bawang Merah,5,3,6,0,13,15,1320.0,78,35000,10,2024-10-01,139800.0,9,0
574,2024,November,BMR,Bawang Merah,9,7,12,0,9,7,2.0,881,35000,11,2024-11-01,88300.0,19,0
600,2024,Desember,BMR,Bawang Merah,4,1,12,0,13,8,670.0,1591,35000,12,2024-12-01,226100.0,13,0
626,2025,Januari,BMR,Bawang Merah,0,0,0,0,0,0,0.0,0,0,1,2025-01-01,0.0,0,1
652,2025,Februari,BMR,Bawang Merah,0,0,0,0,0,0,0.0,0,0,2,2025-02-01,0.0,0,1
678,2025,Maret,BMR,Bawang Merah,0,0,0,0,0,0,0.0,0,0,3,2025-03-01,0.0,0,1
704,2025,April,BMR,Bawang Merah,0,0,0,0,0,0,0.0,0,0,4,2025-04-01,0.0,0,1
730,2025,Mei,BMR,Bawang Merah,0,0,0,0,0,0,0.0,0,0,5,2025-05-01,0.0,0,1
756,2025,Juni,BMR,Bawang Merah,0,0,0,0,0,0,0.0,0,0,6,2025-06-01,0.0,0,1
782,2025,Juli,BMR,Bawang Merah,0,0,0,0,0,0,0.0,0,0,7,2025-07-01,0.0,0,1
808,2025,Agustus,BMR,Bawang Merah,0,0,0,0,0,0,0.0,0,0,8,2025-08-01,0.0,0,1
834,2025,September,BMR,Bawang Merah,0,0,0,0,0,0,0.0,0,0,9,2025-09-01,0.0,0,1
860,2025,Oktober,BMR,Bawang Merah,0,0,0,0,0,0,0.0,0,0,10,2025-10-01,0.0,0,1
886,2025,November,BMR,Bawang Merah,0,0,0,0,0,0,0.0,0,0,11,2025-11-01,0.0,0,1
912,2025,Desember,BMR,Bawang Merah,0,0,0,0,0,0,0.0,0,0,12,2025-12-01,0.0,0,1
938,2026,Januari,BMR,Bawang Merah,0,0,0,0,2,2,0.0,0,0,1,2026-01-01,0.0,0,1
966,2026,Februari,BMR,Bawang Merah,2,0,0,0,1,3,0.0,0,0,2,2026-02-01,0.0,0,1
994,2026,Maret,BMR,Bawang Merah,3,2,0,0,1,2,300.0,0,35000,3,2026-03-01,30000.0,2,0
3,2023,Januari,BPT,Bawang Putih,0,0,0,0,0,0,0.0,0,0,1,2023-01-01,0.0,0,1
29,2023,Februari,BPT,Bawang Putih,0,0,0,0,0,0,0.0,0,0,2,2023-02-01,0.0,0,1
55,2023,Maret,BPT,Bawang Putih,0,0,0,0,0,0,0.0,0,0,3,2023-03-01,0.0,0,1
81,2023,April,BPT,Bawang Putih,0,0,0,0,0,0,0.0,0,0,4,2023-04-01,0.0,0,1
107,2023,Mei,BPT,Bawang Putih,0,0,0,0,0,0,0.0,0,0,5,2023-05-01,0.0,0,1
133,2023,Juni,BPT,Bawang Putih,0,0,0,0,0,0,0.0,0,0,6,2023-06-01,0.0,0,1
159,2023,Juli,BPT,Bawang Putih,0,0,0,0,0,0,0.0,0,0,7,2023-07-01,0.0,0,1
185,2023,Agustus,BPT,Bawang Putih,0,0,0,0,0,0,0.0,0,0,8,2023-08-01,0.0,0,1
211,2023,September,BPT,Bawang Putih,0,0,0,0,0,0,0.0,0,0,9,2023-09-01,0.0,0,1
237,2023,Oktober,BPT,Bawang Putih,0,0,0,0,0,0,0.0,0,0,10,2023-10-01,0.0,0,1
263,2023,November,BPT,Bawang Putih,0,0,0,0,0,0,0.0,0,0,11,2023-11-01,0.0,0,1
289,2023,Desember,BPT,Bawang Putih,0,0,0,0,0,0,0.0,0,0,12,2023-12-01,0.0,0,1
315,2024,Januari,BPT,Bawang Putih,0,0,0,0,0,0,0.0,0,0,1,2024-01-01,0.0,0,1
341,2024,Februari,BPT,Bawang Putih,0,0,0,0,0,0,0.0,0,0,2,2024-02-01,0.0,0,1
367,2024,Maret,BPT,Bawang Putih,0,0,0,0,0,0,0.0,0,0,3,2024-03-01,0.0,0,1
393,2024,April,BPT,Bawang Putih,17,7,4,0,6,5,1172.0,53,0,4,2024-04-01,122500.0,11,0
419,2024,Mei,BPT,Bawang Putih,7,2,9,0,14,9,574.0,798,0,5,2024-05-01,137200.0,11,0
445,2024,Juni,BPT,Bawang Putih,16,4,1,0,15,11,180.0,134,0,6,2024-06-01,31400.0,5,0
471,2024,Juli,BPT,Bawang Putih,7,5,6,0,13,11,1249.0,913,0,7,2024-07-01,216200.0,11,0
497,2024,Agustus,BPT,Bawang Putih,11,1,9,0,13,19,950.0,1158,0,8,2024-08-01,210800.0,10,0
523,2024,September,BPT,Bawang Putih,10,8,8,0,9,10,849.0,626,0,9,2024-09-01,147500.0,16,0
549,2024,Oktober,BPT,Bawang Putih,11,6,6,0,1,17,1513.0,879,0,10,2024-10-01,239200.0,12,0
575,2024,November,BPT,Bawang Putih,13,8,14,0,17,18,668.0,557,0,11,2024-11-01,122500.0,22,0
601,2024,Desember,BPT,Bawang Putih,12,2,9,0,10,12,49.0,859,0,12,2024-12-01,90800.0,11,0
627,2025,Januari,BPT,Bawang Putih,0,0,0,0,0,0,0.0,0,0,1,2025-01-01,0.0,0,1
653,2025,Februari,BPT,Bawang Putih,0,0,0,0,0,0,0.0,0,0,2,2025-02-01,0.0,0,1
679,2025,Maret,BPT,Bawang Putih,0,0,0,0,0,0,0.0,0,0,3,2025-03-01,0.0,0,1
705,2025,April,BPT,Bawang Putih,0,0,0,0,0,0,0.0,0,0,4,2025-04-01,0.0,0,1
731,2025,Mei,BPT,Bawang Putih,0,0,0,0,0,0,0.0,0,0,5,2025-05-01,0.0,0,1
757,2025,Juni,BPT,Bawang Putih,0,0,0,0,0,0,0.0,0,0,6,2025-06-01,0.0,0,1
783,2025,Juli,BPT,Bawang Putih,0,0,0,0,0,0,0.0,0,0,7,2025-07-01,0.0,0,1
809,2025,Agustus,BPT,Bawang Putih,0,0,0,0,0,0,0.0,0,0,8,2025-08-01,0.0,0,1
835,2025,September,BPT,Bawang Putih,0,0,0,0,0,0,0.0,0,0,9,2025-09-01,0.0,0,1
861,2025,Oktober,BPT,Bawang Putih,0,0,0,0,0,0,0.0,0,0,10,2025-10-01,0.0,0,1
887,2025,November,BPT,Bawang Putih,0,0,0,0,0,0,0.0,0,0,11,2025-11-01,0.0,0,1
913,2025,Desember,BPT,Bawang Putih,0,0,0,0,0,0,0.0,0,0,12,2025-12-01,0.0,0,1
939,2026,Januari,BPT,Bawang Putih,0,0,0,0,0,0,0.0,0,0,1,2026-01-01,0.0,0,1
967,2026,Februari,BPT,Bawang Putih,0,0,0,0,0,0,0.0,0,0,2,2026-02-01,0.0,0,1
995,2026,Maret,BPT,Bawang Putih,0,0,0,0,0,0,0.0,0,0,3,2026-03-01,0.0,0,1
4,2023,Januari,BYMSY,Bayam,4,2,2,0,1,3,160.0,160,4000,1,2023-01-01,32000.0,4,0
30,2023,Februari,BYMSY,Bayam,3,2,1,0,1,2,160.0,80,9000,2,2023-02-01,24000.0,3,0
56,2023,Maret,BYMSY,Bayam,2,1,1,0,1,2,80.0,80,9000,3,2023-03-01,16000.0,2,0
82,2023,April,BYMSY,Bayam,2,1,1,0,1,2,80.0,80,9000,4,2023-04-01,16000.0,2,0
108,2023,Mei,BYMSY,Bayam,2,1,1,0,1,2,80.0,80,9000,5,2023-05-01,16000.0,2,0
134,2023,Juni,BYMSY,Bayam,2,1,1,0,1,2,75.0,75,9000,6,2023-06-01,15000.0,2,0
160,2023,Juli,BYMSY,Bayam,2,0,0,0,0,2,0.0,0,7714,7,2023-07-01,0.0,0,1
186,2023,Agustus,BYMSY,Bayam,2,0,0,0,0,2,0.0,0,7714,8,2023-08-01,0.0,0,1
212,2023,September,BYMSY,Bayam,2,2,0,0,2,2,140.0,0,5000,9,2023-09-01,14000.0,2,0
238,2023,Oktober,BYMSY,Bayam,2,0,0,0,0,2,0.0,0,7714,10,2023-10-01,0.0,0,1
264,2023,November,BYMSY,Bayam,2,0,0,0,0,2,0.0,0,7714,11,2023-11-01,0.0,0,1
290,2023,Desember,BYMSY,Bayam,2,0,0,0,0,2,0.0,0,7714,12,2023-12-01,0.0,0,1
316,2024,Januari,BYMSY,Bayam,2,1,1,0,5,6,10.0,10,4000,1,2024-01-01,2000.0,2,0
342,2024,Februari,BYMSY,Bayam,6,2,0,0,1,5,200.0,0,5000,2,2024-02-01,20000.0,2,0
368,2024,Maret,BYMSY,Bayam,5,2,3,0,1,4,200.0,300,5000,3,2024-03-01,50000.0,5,0
394,2024,April,BYMSY,Bayam,7,7,7,0,7,8,83.0,798,5000,4,2024-04-01,88100.0,14,0
420,2024,Mei,BYMSY,Bayam,8,5,5,0,3,0,1401.0,517,5000,5,2024-05-01,191800.0,10,0
446,2024,Juni,BYMSY,Bayam,12,6,9,0,10,6,1073.0,677,5000,6,2024-06-01,175000.0,15,0
472,2024,Juli,BYMSY,Bayam,13,2,6,0,2,18,57.0,1243,5000,7,2024-07-01,130000.0,8,0
498,2024,Agustus,BYMSY,Bayam,13,7,7,0,3,7,1326.0,541,5000,8,2024-08-01,186700.0,14,0
524,2024,September,BYMSY,Bayam,18,6,2,0,10,7,48.0,988,5000,9,2024-09-01,103600.0,8,0
550,2024,Oktober,BYMSY,Bayam,16,5,9,0,10,19,1572.0,51,5000,10,2024-10-01,162300.0,14,0
576,2024,November,BYMSY,Bayam,14,7,7,0,6,10,609.0,532,5000,11,2024-11-01,114100.0,14,0
602,2024,Desember,BYMSY,Bayam,15,6,10,0,2,4,1079.0,922,5000,12,2024-12-01,200100.0,16,0
628,2025,Januari,BYMSY,Bayam,4,2,2,0,1,3,160.0,160,4000,1,2025-01-01,32000.0,4,0
654,2025,Februari,BYMSY,Bayam,3,2,1,0,1,2,160.0,80,9000,2,2025-02-01,24000.0,3,0
680,2025,Maret,BYMSY,Bayam,2,1,1,0,1,2,80.0,80,9000,3,2025-03-01,16000.0,2,0
706,2025,April,BYMSY,Bayam,2,1,1,0,1,2,80.0,80,9000,4,2025-04-01,16000.0,2,0
732,2025,Mei,BYMSY,Bayam,2,1,1,0,1,2,80.0,80,9000,5,2025-05-01,16000.0,2,0
758,2025,Juni,BYMSY,Bayam,2,1,1,0,1,2,75.0,75,9000,6,2025-06-01,15000.0,2,0
784,2025,Juli,BYMSY,Bayam,2,0,0,0,0,2,0.0,0,0,7,2025-07-01,0.0,0,1
810,2025,Agustus,BYMSY,Bayam,2,0,0,0,0,2,0.0,0,0,8,2025-08-01,0.0,0,1
836,2025,September,BYMSY,Bayam,2,2,0,0,2,2,140.0,0,5000,9,2025-09-01,14000.0,2,0
862,2025,Oktober,BYMSY,Bayam,2,0,0,0,0,2,0.0,0,0,10,2025-10-01,0.0,0,1
888,2025,November,BYMSY,Bayam,2,0,0,0,0,2,0.0,0,0,11,2025-11-01,0.0,0,1
914,2025,Desember,BYMSY,Bayam,2,0,0,0,0,2,0.0,0,0,12,2025-12-01,0.0,0,1
940,2026,Januari,BYMSY,Bayam,2,1,1,0,5,6,10.0,10,4000,1,2026-01-01,2000.0,2,0
968,2026,Februari,BYMSY,Bayam,6,2,0,0,1,5,200.0,0,5000,2,2026-02-01,20000.0,2,0
996,2026,Maret,BYMSY,Bayam,5,2,3,0,1,4,200.0,300,5000,3,2026-03-01,50000.0,5,0
5,2023,Januari,BCS,Buncis,9,1,8,0,3,11,80.0,640,25000,1,2023-01-01,72000.0,9,0
31,2023,Februari,BCS,Buncis,11,5,6,0,6,12,400.0,480,30000,2,2023-02-01,88000.0,11,0
57,2023,Maret,BCS,Buncis,12,4,8,0,2,10,320.0,640,30000,3,2023-03-01,96000.0,12,0
83,2023,April,BCS,Buncis,10,6,4,0,6,10,480.0,320,30000,4,2023-04-01,80000.0,10,0
109,2023,Mei,BCS,Buncis,10,4,6,0,4,10,320.0,480,3000,5,2023-05-01,80000.0,10,0
135,2023,Juni,BCS,Buncis,10,2,8,0,2,10,100.0,400,15000,6,2023-06-01,50000.0,10,0
161,2023,Juli,BCS,Buncis,10,2,0,0,2,10,120.0,0,17500,7,2023-07-01,12000.0,2,0
187,2023,Agustus,BCS,Buncis,10,2,0,0,2,10,75.0,0,10000,8,2023-08-01,7500.0,2,0
213,2023,September,BCS,Buncis,10,4,0,0,4,10,280.0,0,4000,9,2023-09-01,28000.0,4,0
239,2023,Oktober,BCS,Buncis,10,3,0,0,3,10,210.0,0,5000,10,2023-10-01,21000.0,3,0
265,2023,November,BCS,Buncis,10,5,5,0,5,10,375.0,375,6000,11,2023-11-01,75000.0,10,0
291,2023,Desember,BCS,Buncis,10,0,0,0,0,10,0.0,0,15954,12,2023-12-01,0.0,0,1
317,2024,Januari,BCS,Buncis,10,4,6,0,7,13,400.0,60,6000,1,2024-01-01,46000.0,10,0
343,2024,Februari,BCS,Buncis,13,4,0,0,5,14,400.0,0,6000,2,2024-02-01,40000.0,4,0
369,2024,Maret,BCS,Buncis,14,4,10,0,2,12,400.0,1000,6000,3,2024-03-01,140000.0,14,0
395,2024,April,BCS,Buncis,11,1,10,0,5,7,1459.0,436,6000,4,2024-04-01,189500.0,11,0
421,2024,Mei,BCS,Buncis,6,6,11,0,1,7,1217.0,158,6000,5,2024-05-01,137500.0,17,0
447,2024,Juni,BCS,Buncis,5,8,12,0,6,1,229.0,56,6000,6,2024-06-01,28500.0,20,0
473,2024,Juli,BCS,Buncis,0,0,0,0,0,0,0.0,0,6000,7,2024-07-01,0.0,0,1
499,2024,Agustus,BCS,Buncis,15,7,14,0,3,2,782.0,456,6000,8,2024-08-01,123800.0,21,0
525,2024,September,BCS,Buncis,16,1,10,0,4,10,82.0,1369,6000,9,2024-09-01,145100.0,11,0
551,2024,Oktober,BCS,Buncis,5,5,2,0,16,19,593.0,82,6000,10,2024-10-01,67500.0,7,0
577,2024,November,BCS,Buncis,15,3,12,0,5,9,224.0,421,6000,11,2024-11-01,64500.0,15,0
603,2024,Desember,BCS,Buncis,13,3,5,0,11,9,348.0,243,6000,12,2024-12-01,59100.0,8,0
629,2025,Januari,BCS,Buncis,9,1,8,0,3,11,80.0,640,25000,1,2025-01-01,72000.0,9,0
655,2025,Februari,BCS,Buncis,11,5,6,0,6,12,400.0,480,30000,2,2025-02-01,88000.0,11,0
681,2025,Maret,BCS,Buncis,12,4,8,0,2,10,320.0,640,30000,3,2025-03-01,96000.0,12,0
707,2025,April,BCS,Buncis,10,6,4,0,6,10,480.0,320,30000,4,2025-04-01,80000.0,10,0
733,2025,Mei,BCS,Buncis,10,4,6,0,4,10,320.0,480,3000,5,2025-05-01,80000.0,10,0
759,2025,Juni,BCS,Buncis,10,2,8,0,2,10,100.0,400,15000,6,2025-06-01,50000.0,10,0
785,2025,Juli,BCS,Buncis,10,2,0,0,2,10,120.0,0,17500,7,2025-07-01,12000.0,2,0
811,2025,Agustus,BCS,Buncis,10,2,0,0,2,10,75.0,0,10000,8,2025-08-01,7500.0,2,0
837,2025,September,BCS,Buncis,10,4,0,0,4,10,280.0,0,4000,9,2025-09-01,28000.0,4,0
863,2025,Oktober,BCS,Buncis,10,3,0,0,3,10,210.0,0,5000,10,2025-10-01,21000.0,3,0
889,2025,November,BCS,Buncis,10,5,5,0,5,10,375.0,375,6000,11,2025-11-01,75000.0,10,0
915,2025,Desember,BCS,Buncis,10,0,0,0,0,10,0.0,0,0,12,2025-12-01,0.0,0,1
941,2026,Januari,BCS,Buncis,10,4,6,0,7,13,400.0,60,6000,1,2026-01-01,46000.0,10,0
969,2026,Februari,BCS,Buncis,13,4,0,0,5,14,400.0,0,6000,2,2026-02-01,40000.0,4,0
997,2026,Maret,BCS,Buncis,14,4,10,0,2,12,400.0,1000,6000,3,2026-03-01,140000.0,14,0
6,2023,Januari,CBBTW,Cabai Besar,9,0,9,0,1,10,0.0,855,25000,1,2023-01-01,85500.0,9,0
32,2023,Februari,CBBTW,Cabai Besar,10,2,8,0,6,14,190.0,760,19000,2,2023-02-01,95000.0,10,0
58,2023,Maret,CBBTW,Cabai Besar,14,2,12,0,1,13,190.0,1140,19000,3,2023-03-01,133000.0,14,0
84,2023,April,CBBTW,Cabai Besar,13,2,11,0,2,13,190.0,1045,19000,4,2023-04-01,123500.0,13,0
110,2023,Mei,CBBTW,Cabai Besar,13,1,12,0,1,13,95.0,1140,19000,5,2023-05-01,123500.0,13,0
136,2023,Juni,CBBTW,Cabai Besar,13,2,11,0,1,12,190.0,990,20000,6,2023-06-01,118000.0,13,0
162,2023,Juli,CBBTW,Cabai Besar,12,2,0,0,2,12,180.0,0,28000,7,2023-07-01,18000.0,2,0
188,2023,Agustus,CBBTW,Cabai Besar,12,2,0,0,2,12,180.0,0,30000,8,2023-08-01,18000.0,2,0
214,2023,September,CBBTW,Cabai Besar,12,4,0,0,4,12,360.0,0,35000,9,2023-09-01,36000.0,4,0
240,2023,Oktober,CBBTW,Cabai Besar,12,2,0,0,2,12,180.0,0,35000,10,2023-10-01,18000.0,2,0
266,2023,November,CBBTW,Cabai Besar,12,7,5,0,7,12,665.0,475,40000,11,2023-11-01,114000.0,12,0
292,2023,Desember,CBBTW,Cabai Besar,12,5,0,0,5,12,475.0,0,40000,12,2023-12-01,47500.0,5,0
318,2024,Januari,CBBTW,Cabai Besar,12,5,7,0,3,10,500.0,700,20000,1,2024-01-01,120000.0,12,0
344,2024,Februari,CBBTW,Cabai Besar,10,3,0,0,2,9,300.0,0,25000,2,2024-02-01,30000.0,3,0
370,2024,Maret,CBBTW,Cabai Besar,9,3,6,0,2,8,300.0,600,40000,3,2024-03-01,90000.0,9,0
396,2024,April,CBBTW,Cabai Besar,0,0,0,0,0,0,0.0,0,28333,4,2024-04-01,0.0,0,1
422,2024,Mei,CBBTW,Cabai Besar,0,0,0,0,0,0,0.0,0,28333,5,2024-05-01,0.0,0,1
448,2024,Juni,CBBTW,Cabai Besar,0,0,0,0,0,0,0.0,0,28333,6,2024-06-01,0.0,0,1
474,2024,Juli,CBBTW,Cabai Besar,0,0,0,0,0,0,0.0,0,28333,7,2024-07-01,0.0,0,1
500,2024,Agustus,CBBTW,Cabai Besar,0,0,0,0,0,0,0.0,0,28333,8,2024-08-01,0.0,0,1
526,2024,September,CBBTW,Cabai Besar,0,0,0,0,0,0,0.0,0,28333,9,2024-09-01,0.0,0,1
552,2024,Oktober,CBBTW,Cabai Besar,0,0,0,0,0,0,0.0,0,28333,10,2024-10-01,0.0,0,1
578,2024,November,CBBTW,Cabai Besar,0,0,0,0,0,0,0.0,0,28333,11,2024-11-01,0.0,0,1
604,2024,Desember,CBBTW,Cabai Besar,0,0,0,0,0,0,0.0,0,28333,12,2024-12-01,0.0,0,1
630,2025,Januari,CBBTW,Cabai Besar,9,0,9,0,1,10,0.0,855,25000,1,2025-01-01,85500.0,9,0
656,2025,Februari,CBBTW,Cabai Besar,10,2,8,0,6,14,190.0,760,19000,2,2025-02-01,95000.0,10,0
682,2025,Maret,CBBTW,Cabai Besar,14,2,12,0,1,13,190.0,1140,19000,3,2025-03-01,133000.0,14,0
708,2025,April,CBBTW,Cabai Besar,13,2,11,0,2,13,190.0,1045,19000,4,2025-04-01,123500.0,13,0
734,2025,Mei,CBBTW,Cabai Besar,13,1,12,0,1,13,95.0,1140,19000,5,2025-05-01,123500.0,13,0
760,2025,Juni,CBBTW,Cabai Besar,13,2,11,0,1,12,190.0,990,20000,6,2025-06-01,118000.0,13,0
786,2025,Juli,CBBTW,Cabai Besar,12,2,0,0,2,12,180.0,0,28000,7,2025-07-01,18000.0,2,0
812,2025,Agustus,CBBTW,Cabai Besar,12,2,0,0,2,12,180.0,0,30000,8,2025-08-01,18000.0,2,0
838,2025,September,CBBTW,Cabai Besar,12,4,0,0,4,12,360.0,0,35000,9,2025-09-01,36000.0,4,0
864,2025,Oktober,CBBTW,Cabai Besar,12,2,0,0,2,12,180.0,0,35000,10,2025-10-01,18000.0,2,0
890,2025,November,CBBTW,Cabai Besar,12,7,5,0,7,12,665.0,475,40000,11,2025-11-01,114000.0,12,0
916,2025,Desember,CBBTW,Cabai Besar,12,5,0,0,5,12,475.0,0,40000,12,2025-12-01,47500.0,5,0
942,2026,Januari,CBBTW,Cabai Besar,12,5,7,0,3,10,500.0,700,20000,1,2026-01-01,120000.0,12,0
970,2026,Februari,CBBTW,Cabai Besar,10,3,0,0,2,9,300.0,0,25000,2,2026-02-01,30000.0,3,0
998,2026,Maret,CBBTW,Cabai Besar,9,3,6,0,2,8,300.0,600,40000,3,2026-03-01,90000.0,9,0
7,2023,Januari,CBBKR,Cabai Keriting,7,0,7,0,2,9,0.0,665,30000,1,2023-01-01,66500.0,7,0
33,2023,Februari,CBBKR,Cabai Keriting,9,5,4,0,7,11,475.0,380,32000,2,2023-02-01,85500.0,9,0
59,2023,Maret,CBBKR,Cabai Keriting,11,2,9,0,2,11,190.0,855,32000,3,2023-03-01,104500.0,11,0
85,2023,April,CBBKR,Cabai Keriting,11,2,9,0,2,11,190.0,855,32000,4,2023-04-01,104500.0,11,0
111,2023,Mei,CBBKR,Cabai Keriting,11,2,9,0,2,11,190.0,855,32000,5,2023-05-01,104500.0,11,0
137,2023,Juni,CBBKR,Cabai Keriting,11,1,10,0,2,12,95.0,950,32000,6,2023-06-01,104500.0,11,0
163,2023,Juli,CBBKR,Cabai Keriting,12,2,0,0,2,12,180.0,0,32000,7,2023-07-01,18000.0,2,0
189,2023,Agustus,CBBKR,Cabai Keriting,12,1,0,0,1,12,90.0,0,28000,8,2023-08-01,9000.0,1,0
215,2023,September,CBBKR,Cabai Keriting,12,5,0,0,5,12,450.0,0,25000,9,2023-09-01,45000.0,5,0
241,2023,Oktober,CBBKR,Cabai Keriting,12,2,0,0,2,12,180.0,0,25000,10,2023-10-01,18000.0,2,0
267,2023,November,CBBKR,Cabai Keriting,12,7,5,0,7,12,665.0,475,35000,11,2023-11-01,114000.0,12,0
293,2023,Desember,CBBKR,Cabai Keriting,12,5,0,0,5,12,475.0,0,35000,12,2023-12-01,47500.0,5,0
319,2024,Januari,CBBKR,Cabai Keriting,12,4,8,0,3,11,400.0,800,35000,1,2024-01-01,120000.0,12,0
345,2024,Februari,CBBKR,Cabai Keriting,11,3,0,0,3,11,300.0,0,35000,2,2024-02-01,30000.0,3,0
371,2024,Maret,CBBKR,Cabai Keriting,11,4,7,0,2,9,400.0,700,25000,3,2024-03-01,110000.0,11,0
397,2024,April,CBBKR,Cabai Keriting,0,0,0,0,0,0,0.0,0,31666,4,2024-04-01,0.0,0,1
423,2024,Mei,CBBKR,Cabai Keriting,0,0,0,0,0,0,0.0,0,31666,5,2024-05-01,0.0,0,1
449,2024,Juni,CBBKR,Cabai Keriting,0,0,0,0,0,0,0.0,0,31666,6,2024-06-01,0.0,0,1
475,2024,Juli,CBBKR,Cabai Keriting,0,0,0,0,0,0,0.0,0,31666,7,2024-07-01,0.0,0,1
501,2024,Agustus,CBBKR,Cabai Keriting,0,0,0,0,0,0,0.0,0,31666,8,2024-08-01,0.0,0,1
527,2024,September,CBBKR,Cabai Keriting,0,0,0,0,0,0,0.0,0,31666,9,2024-09-01,0.0,0,1
553,2024,Oktober,CBBKR,Cabai Keriting,0,0,0,0,0,0,0.0,0,31666,10,2024-10-01,0.0,0,1
579,2024,November,CBBKR,Cabai Keriting,0,0,0,0,0,0,0.0,0,31666,11,2024-11-01,0.0,0,1
605,2024,Desember,CBBKR,Cabai Keriting,0,0,0,0,0,0,0.0,0,31666,12,2024-12-01,0.0,0,1
631,2025,Januari,CBBKR,Cabai Keriting,7,0,7,0,2,9,0.0,665,30000,1,2025-01-01,66500.0,7,0
657,2025,Februari,CBBKR,Cabai Keriting,9,5,4,0,7,11,475.0,380,32000,2,2025-02-01,85500.0,9,0
683,2025,Maret,CBBKR,Cabai Keriting,11,2,9,0,2,11,190.0,855,32000,3,2025-03-01,104500.0,11,0
709,2025,April,CBBKR,Cabai Keriting,11,2,9,0,2,11,190.0,855,32000,4,2025-04-01,104500.0,11,0
735,2025,Mei,CBBKR,Cabai Keriting,11,2,9,0,2,11,190.0,855,32000,5,2025-05-01,104500.0,11,0
761,2025,Juni,CBBKR,Cabai Keriting,11,1,10,0,2,12,95.0,950,32000,6,2025-06-01,104500.0,11,0
787,2025,Juli,CBBKR,Cabai Keriting,12,2,0,0,2,12,180.0,0,32000,7,2025-07-01,18000.0,2,0
813,2025,Agustus,CBBKR,Cabai Keriting,12,1,0,0,1,12,90.0,0,28000,8,2025-08-01,9000.0,1,0
839,2025,September,CBBKR,Cabai Keriting,12,5,0,0,5,12,450.0,0,25000,9,2025-09-01,45000.0,5,0
865,2025,Oktober,CBBKR,Cabai Keriting,12,2,0,0,2,12,180.0,0,25000,10,2025-10-01,18000.0,2,0
891,2025,November,CBBKR,Cabai Keriting,12,7,5,0,7,12,665.0,475,35000,11,2025-11-01,114000.0,12,0
917,2025,Desember,CBBKR,Cabai Keriting,12,5,0,0,5,12,475.0,0,35000,12,2025-12-01,47500.0,5,0
943,2026,Januari,CBBKR,Cabai Keriting,12,4,8,0,3,11,400.0,800,35000,1,2026-01-01,120000.0,12,0
971,2026,Februari,CBBKR,Cabai Keriting,11,3,0,0,3,11,300.0,0,35000,2,2026-02-01,30000.0,3,0
999,2026,Maret,CBBKR,Cabai Keriting,11,4,7,0,2,9,400.0,700,25000,3,2026-03-01,110000.0,11,0
8,2023,Januari,CRW,Cabai Rawit,9,0,4,0,1,10,0.0,380,25000,1,2023-01-01,38000.0,4,0
34,2023,Februari,CRW,Cabai Rawit,10,2,8,0,6,14,190.0,760,19000,2,2023-02-01,95000.0,10,0
60,2023,Maret,CRW,Cabai Rawit,14,4,10,0,5,15,380.0,950,19000,3,2023-03-01,133000.0,14,0
86,2023,April,CRW,Cabai Rawit,15,3,12,0,3,15,285.0,1140,19000,4,2023-04-01,142500.0,15,0
112,2023,Mei,CRW,Cabai Rawit,15,1,14,0,1,15,95.0,1330,19000,5,2023-05-01,142500.0,15,0
138,2023,Juni,CRW,Cabai Rawit,15,1,14,0,1,15,95.0,1260,19000,6,2023-06-01,135500.0,15,0
164,2023,Juli,CRW,Cabai Rawit,15,2,0,0,2,15,180.0,0,33000,7,2023-07-01,18000.0,2,0
190,2023,Agustus,CRW,Cabai Rawit,15,2,0,0,2,15,180.0,0,29000,8,2023-08-01,18000.0,2,0
216,2023,September,CRW,Cabai Rawit,15,4,0,0,4,15,360.0,0,32000,9,2023-09-01,36000.0,4,0
242,2023,Oktober,CRW,Cabai Rawit,15,2,0,0,2,15,180.0,0,35000,10,2023-10-01,18000.0,2,0
268,2023,November,CRW,Cabai Rawit,15,7,5,0,7,15,665.0,475,35000,11,2023-11-01,114000.0,12,0
294,2023,Desember,CRW,Cabai Rawit,15,2,0,0,2,15,190.0,0,35000,12,2023-12-01,19000.0,2,0
320,2024,Januari,CRW,Cabai Rawit,15,5,10,0,5,15,500.0,1000,40000,1,2024-01-01,150000.0,15,0
346,2024,Februari,CRW,Cabai Rawit,15,4,0,0,3,14,400.0,0,55000,2,2024-02-01,40000.0,4,0
372,2024,Maret,CRW,Cabai Rawit,14,3,11,0,2,13,300.0,1100,50000,3,2024-03-01,140000.0,14,0
398,2024,April,CRW,Cabai Rawit,0,0,0,0,0,0,0.0,0,48333,4,2024-04-01,0.0,0,1
424,2024,Mei,CRW,Cabai Rawit,0,0,0,0,0,0,0.0,0,48333,5,2024-05-01,0.0,0,1
450,2024,Juni,CRW,Cabai Rawit,0,0,0,0,0,0,0.0,0,48333,6,2024-06-01,0.0,0,1
476,2024,Juli,CRW,Cabai Rawit,0,0,0,0,0,0,0.0,0,48333,7,2024-07-01,0.0,0,1
502,2024,Agustus,CRW,Cabai Rawit,0,0,0,0,0,0,0.0,0,48333,8,2024-08-01,0.0,0,1
528,2024,September,CRW,Cabai Rawit,0,0,0,0,0,0,0.0,0,48333,9,2024-09-01,0.0,0,1
554,2024,Oktober,CRW,Cabai Rawit,0,0,0,0,0,0,0.0,0,48333,10,2024-10-01,0.0,0,1
580,2024,November,CRW,Cabai Rawit,0,0,0,0,0,0,0.0,0,48333,11,2024-11-01,0.0,0,1
606,2024,Desember,CRW,Cabai Rawit,0,0,0,0,0,0,0.0,0,48333,12,2024-12-01,0.0,0,1
632,2025,Januari,CRW,Cabai Rawit,9,0,4,0,1,10,0.0,380,25000,1,2025-01-01,38000.0,4,0
658,2025,Februari,CRW,Cabai Rawit,10,2,8,0,6,14,190.0,760,19000,2,2025-02-01,95000.0,10,0
684,2025,Maret,CRW,Cabai Rawit,14,4,10,0,5,15,380.0,950,19000,3,2025-03-01,133000.0,14,0
710,2025,April,CRW,Cabai Rawit,15,3,12,0,3,15,285.0,1140,19000,4,2025-04-01,142500.0,15,0
736,2025,Mei,CRW,Cabai Rawit,15,1,14,0,1,15,95.0,1330,19000,5,2025-05-01,142500.0,15,0
762,2025,Juni,CRW,Cabai Rawit,15,1,14,0,1,15,95.0,1260,19000,6,2025-06-01,135500.0,15,0
788,2025,Juli,CRW,Cabai Rawit,15,2,0,0,2,15,180.0,0,33000,7,2025-07-01,18000.0,2,0
814,2025,Agustus,CRW,Cabai Rawit,15,2,0,0,2,15,180.0,0,29000,8,2025-08-01,18000.0,2,0
840,2025,September,CRW,Cabai Rawit,15,4,0,0,4,15,360.0,0,32000,9,2025-09-01,36000.0,4,0
866,2025,Oktober,CRW,Cabai Rawit,15,2,0,0,2,15,180.0,0,35000,10,2025-10-01,18000.0,2,0
892,2025,November,CRW,Cabai Rawit,15,7,5,0,7,15,665.0,475,35000,11,2025-11-01,114000.0,12,0
918,2025,Desember,CRW,Cabai Rawit,15,2,0,0,2,15,190.0,0,35000,12,2025-12-01,19000.0,2,0
944,2026,Januari,CRW,Cabai Rawit,15,5,10,0,5,15,500.0,1000,40000,1,2026-01-01,150000.0,15,0
972,2026,Februari,CRW,Cabai Rawit,15,4,0,0,3,14,400.0,0,55000,2,2026-02-01,40000.0,4,0
1000,2026,Maret,CRW,Cabai Rawit,14,3,11,0,2,13,300.0,1100,50000,3,2026-03-01,140000.0,14,0
11,2023,Januari,JMRTR,Jamur Tiram,1,0,0,0,0,1,0.0,0,12000,1,2023-01-01,0.0,0,1
37,2023,Februari,JMRTR,Jamur Tiram,1,1,0,0,1,1,0.0,0,12000,2,2023-02-01,0.0,1,1
63,2023,Maret,JMRTR,Jamur Tiram,1,1,0,0,0,0,0.0,0,12000,3,2023-03-01,0.0,1,1
89,2023,April,JMRTR,Jamur Tiram,0,0,0,0,0,0,0.0,0,12000,4,2023-04-01,0.0,0,1
115,2023,Mei,JMRTR,Jamur Tiram,0,0,0,0,0,0,0.0,0,12000,5,2023-05-01,0.0,0,1
141,2023,Juni,JMRTR,Jamur Tiram,0,0,0,0,0,0,0.0,0,12000,6,2023-06-01,0.0,0,1
167,2023,Juli,JMRTR,Jamur Tiram,0,0,0,0,0,0,0.0,0,12000,7,2023-07-01,0.0,0,1
193,2023,Agustus,JMRTR,Jamur Tiram,0,0,0,0,0,0,0.0,0,12000,8,2023-08-01,0.0,0,1
219,2023,September,JMRTR,Jamur Tiram,0,0,0,0,0,0,0.0,0,12000,9,2023-09-01,0.0,0,1
245,2023,Oktober,JMRTR,Jamur Tiram,0,0,0,0,0,0,0.0,0,12000,10,2023-10-01,0.0,0,1
271,2023,November,JMRTR,Jamur Tiram,0,0,0,0,0,0,0.0,0,12000,11,2023-11-01,0.0,0,1
297,2023,Desember,JMRTR,Jamur Tiram,0,0,0,0,0,0,0.0,0,12000,12,2023-12-01,0.0,0,1
323,2024,Januari,JMRTR,Jamur Tiram,0,0,0,0,3,3,0.0,0,10000,1,2024-01-01,0.0,0,1
349,2024,Februari,JMRTR,Jamur Tiram,3,3,0,0,15000,15000,0.0,0,10000,2,2024-02-01,0.0,3,1
375,2024,Maret,JMRTR,Jamur Tiram,0,0,0,0,0,0,0.0,0,10000,3,2024-03-01,0.0,0,1
401,2024,April,JMRTR,Jamur Tiram,0,0,0,0,0,0,0.0,0,10000,4,2024-04-01,0.0,0,1
427,2024,Mei,JMRTR,Jamur Tiram,0,0,0,0,0,0,0.0,0,10000,5,2024-05-01,0.0,0,1
453,2024,Juni,JMRTR,Jamur Tiram,0,0,0,0,0,0,0.0,0,10000,6,2024-06-01,0.0,0,1
479,2024,Juli,JMRTR,Jamur Tiram,0,0,0,0,0,0,0.0,0,10000,7,2024-07-01,0.0,0,1
505,2024,Agustus,JMRTR,Jamur Tiram,0,0,0,0,0,0,0.0,0,10000,8,2024-08-01,0.0,0,1
531,2024,September,JMRTR,Jamur Tiram,0,0,0,0,0,0,0.0,0,10000,9,2024-09-01,0.0,0,1
557,2024,Oktober,JMRTR,Jamur Tiram,0,0,0,0,0,0,0.0,0,10000,10,2024-10-01,0.0,0,1
583,2024,November,JMRTR,Jamur Tiram,0,0,0,0,0,0,0.0,0,10000,11,2024-11-01,0.0,0,1
609,2024,Desember,JMRTR,Jamur Tiram,0,0,0,0,0,0,0.0,0,10000,12,2024-12-01,0.0,0,1
635,2025,Januari,JMRTR,Jamur Tiram,1,0,0,0,0,1,0.0,0,0,1,2025-01-01,0.0,0,1
661,2025,Februari,JMRTR,Jamur Tiram,1,1,0,0,1,1,0.4,0,12000,2,2025-02-01,40.0,1,0
687,2025,Maret,JMRTR,Jamur Tiram,1,1,0,0,0,0,0.4,0,12000,3,2025-03-01,40.0,1,0
713,2025,April,JMRTR,Jamur Tiram,0,0,0,0,0,0,0.0,0,0,4,2025-04-01,0.0,0,1
739,2025,Mei,JMRTR,Jamur Tiram,0,0,0,0,0,0,0.0,0,0,5,2025-05-01,0.0,0,1
765,2025,Juni,JMRTR,Jamur Tiram,0,0,0,0,0,0,0.0,0,0,6,2025-06-01,0.0,0,1
791,2025,Juli,JMRTR,Jamur Tiram,0,0,0,0,0,0,0.0,0,0,7,2025-07-01,0.0,0,1
817,2025,Agustus,JMRTR,Jamur Tiram,0,0,0,0,0,0,0.0,0,0,8,2025-08-01,0.0,0,1
843,2025,September,JMRTR,Jamur Tiram,0,0,0,0,0,0,0.0,0,0,9,2025-09-01,0.0,0,1
869,2025,Oktober,JMRTR,Jamur Tiram,0,0,0,0,0,0,0.0,0,0,10,2025-10-01,0.0,0,1
895,2025,November,JMRTR,Jamur Tiram,0,0,0,0,0,0,0.0,0,0,11,2025-11-01,0.0,0,1
921,2025,Desember,JMRTR,Jamur Tiram,0,0,0,0,0,0,0.0,0,0,12,2025-12-01,0.0,0,1
947,2026,Januari,JMRTR,Jamur Tiram,0,0,0,0,3,3,0.0,0,0,1,2026-01-01,0.0,0,1
975,2026,Februari,JMRTR,Jamur Tiram,3,3,0,0,15000,15000,0.2,0,10000,2,2026-02-01,20.0,3,0
1003,2026,Maret,JMRTR,Jamur Tiram,15000,8000,7000,0,3000,10000,750.0,800,12000,3,2026-03-01,155000.0,15000,0
12,2023,Januari,KCGPJ,Kacang Panjang,0,0,0,0,0,0,0.0,0,0,1,2023-01-01,0.0,0,1
38,2023,Februari,KCGPJ,Kacang Panjang,0,0,0,0,0,0,0.0,0,0,2,2023-02-01,0.0,0,1
64,2023,Maret,KCGPJ,Kacang Panjang,0,0,0,0,0,0,0.0,0,0,3,2023-03-01,0.0,0,1
90,2023,April,KCGPJ,Kacang Panjang,0,0,0,0,0,0,0.0,0,0,4,2023-04-01,0.0,0,1
116,2023,Mei,KCGPJ,Kacang Panjang,0,0,0,0,0,0,0.0,0,0,5,2023-05-01,0.0,0,1
142,2023,Juni,KCGPJ,Kacang Panjang,0,0,0,0,0,0,0.0,0,0,6,2023-06-01,0.0,0,1
168,2023,Juli,KCGPJ,Kacang Panjang,0,0,0,0,0,0,0.0,0,0,7,2023-07-01,0.0,0,1
194,2023,Agustus,KCGPJ,Kacang Panjang,0,0,0,0,0,0,0.0,0,0,8,2023-08-01,0.0,0,1
220,2023,September,KCGPJ,Kacang Panjang,0,0,0,0,0,0,0.0,0,0,9,2023-09-01,0.0,0,1
246,2023,Oktober,KCGPJ,Kacang Panjang,0,0,0,0,0,0,0.0,0,0,10,2023-10-01,0.0,0,1
272,2023,November,KCGPJ,Kacang Panjang,0,0,0,0,0,0,0.0,0,0,11,2023-11-01,0.0,0,1
298,2023,Desember,KCGPJ,Kacang Panjang,0,0,0,0,0,0,0.0,0,0,12,2023-12-01,0.0,0,1
324,2024,Januari,KCGPJ,Kacang Panjang,0,0,0,0,2,2,0.0,0,4000,1,2024-01-01,0.0,0,1
350,2024,Februari,KCGPJ,Kacang Panjang,2,1,0,0,2,3,80.0,0,4000,2,2024-02-01,8000.0,1,0
376,2024,Maret,KCGPJ,Kacang Panjang,3,1,2,0,1,3,80.0,160,4000,3,2024-03-01,24000.0,3,0
402,2024,April,KCGPJ,Kacang Panjang,0,0,0,0,0,0,0.0,0,4000,4,2024-04-01,0.0,0,1
428,2024,Mei,KCGPJ,Kacang Panjang,0,0,0,0,0,0,0.0,0,4000,5,2024-05-01,0.0,0,1
454,2024,Juni,KCGPJ,Kacang Panjang,0,0,0,0,0,0,0.0,0,4000,6,2024-06-01,0.0,0,1
480,2024,Juli,KCGPJ,Kacang Panjang,0,0,0,0,0,0,0.0,0,4000,7,2024-07-01,0.0,0,1
506,2024,Agustus,KCGPJ,Kacang Panjang,0,0,0,0,0,0,0.0,0,4000,8,2024-08-01,0.0,0,1
532,2024,September,KCGPJ,Kacang Panjang,0,0,0,0,0,0,0.0,0,4000,9,2024-09-01,0.0,0,1
558,2024,Oktober,KCGPJ,Kacang Panjang,0,0,0,0,0,0,0.0,0,4000,10,2024-10-01,0.0,0,1
584,2024,November,KCGPJ,Kacang Panjang,0,0,0,0,0,0,0.0,0,4000,11,2024-11-01,0.0,0,1
610,2024,Desember,KCGPJ,Kacang Panjang,0,0,0,0,0,0,0.0,0,4000,12,2024-12-01,0.0,0,1
636,2025,Januari,KCGPJ,Kacang Panjang,0,0,0,0,0,0,0.0,0,0,1,2025-01-01,0.0,0,1
662,2025,Februari,KCGPJ,Kacang Panjang,0,0,0,0,0,0,0.0,0,0,2,2025-02-01,0.0,0,1
688,2025,Maret,KCGPJ,Kacang Panjang,0,0,0,0,0,0,0.0,0,0,3,2025-03-01,0.0,0,1
714,2025,April,KCGPJ,Kacang Panjang,0,0,0,0,0,0,0.0,0,0,4,2025-04-01,0.0,0,1
740,2025,Mei,KCGPJ,Kacang Panjang,0,0,0,0,0,0,0.0,0,0,5,2025-05-01,0.0,0,1
766,2025,Juni,KCGPJ,Kacang Panjang,0,0,0,0,0,0,0.0,0,0,6,2025-06-01,0.0,0,1
792,2025,Juli,KCGPJ,Kacang Panjang,0,0,0,0,0,0,0.0,0,0,7,2025-07-01,0.0,0,1
818,2025,Agustus,KCGPJ,Kacang Panjang,0,0,0,0,0,0,0.0,0,0,8,2025-08-01,0.0,0,1
844,2025,September,KCGPJ,Kacang Panjang,0,0,0,0,0,0,0.0,0,0,9,2025-09-01,0.0,0,1
870,2025,Oktober,KCGPJ,Kacang Panjang,0,0,0,0,0,0,0.0,0,0,10,2025-10-01,0.0,0,1
896,2025,November,KCGPJ,Kacang Panjang,0,0,0,0,0,0,0.0,0,0,11,2025-11-01,0.0,0,1
922,2025,Desember,KCGPJ,Kacang Panjang,0,0,0,0,0,0,0.0,0,0,12,2025-12-01,0.0,0,1
949,2026,Januari,KCGPJ,Kacang Panjang,0,0,0,0,2,2,0.0,0,0,1,2026-01-01,0.0,0,1
977,2026,Februari,KCGPJ,Kacang Panjang,2,1,0,0,2,3,80.0,0,4000,2,2026-02-01,8000.0,1,0
1005,2026,Maret,KCGPJ,Kacang Panjang,3,1,2,0,1,3,80.0,160,4000,3,2026-03-01,24000.0,3,0
13,2023,Januari,KKG,Kangkung,4,1,3,0,1,4,80.0,240,6000,1,2023-01-01,32000.0,4,0
39,2023,Februari,KKG,Kangkung,4,1,3,0,1,4,80.0,240,5500,2,2023-02-01,32000.0,4,0
65,2023,Maret,KKG,Kangkung,4,1,3,0,1,4,80.0,240,5500,3,2023-03-01,32000.0,4,0
91,2023,April,KKG,Kangkung,4,1,3,0,1,4,80.0,240,5500,4,2023-04-01,32000.0,4,0
117,2023,Mei,KKG,Kangkung,4,1,3,0,1,4,80.0,240,5500,5,2023-05-01,32000.0,4,0
143,2023,Juni,KKG,Kangkung,4,1,3,0,1,4,70.0,210,5500,6,2023-06-01,28000.0,4,0
169,2023,Juli,KKG,Kangkung,4,1,0,0,1,4,60.0,0,6000,7,2023-07-01,6000.0,1,0
195,2023,Agustus,KKG,Kangkung,4,1,0,0,1,4,75.0,0,4000,8,2023-08-01,7500.0,1,0
221,2023,September,KKG,Kangkung,4,2,0,0,2,4,145.0,0,5000,9,2023-09-01,14500.0,2,0
247,2023,Oktober,KKG,Kangkung,4,0,0,0,0,4,0.0,0,5550,10,2023-10-01,0.0,0,1
273,2023,November,KKG,Kangkung,4,2,2,0,2,4,150.0,150,7000,11,2023-11-01,30000.0,4,0
299,2023,Desember,KKG,Kangkung,4,0,0,0,0,4,0.0,0,5550,12,2023-12-01,0.0,0,1
325,2024,Januari,KKG,Kangkung,4,1,3,0,1,4,100.0,300,5000,1,2024-01-01,40000.0,4,0
351,2024,Februari,KKG,Kangkung,4,2,0,0,2,4,20.0,0,3000,2,2024-02-01,2000.0,2,0
377,2024,Maret,KKG,Kangkung,4,2,2,0,1,3,160.0,160,3000,3,2024-03-01,32000.0,4,0
403,2024,April,KKG,Kangkung,0,0,0,0,0,0,0.0,0,3666,4,2024-04-01,0.0,0,1
429,2024,Mei,KKG,Kangkung,0,0,0,0,0,0,0.0,0,3666,5,2024-05-01,0.0,0,1
455,2024,Juni,KKG,Kangkung,0,0,0,0,0,0,0.0,0,3666,6,2024-06-01,0.0,0,1
481,2024,Juli,KKG,Kangkung,0,0,0,0,0,0,0.0,0,3666,7,2024-07-01,0.0,0,1
507,2024,Agustus,KKG,Kangkung,0,0,0,0,0,0,0.0,0,3666,8,2024-08-01,0.0,0,1
533,2024,September,KKG,Kangkung,0,0,0,0,0,0,0.0,0,3666,9,2024-09-01,0.0,0,1
559,2024,Oktober,KKG,Kangkung,0,0,0,0,0,0,0.0,0,3666,10,2024-10-01,0.0,0,1
585,2024,November,KKG,Kangkung,0,0,0,0,0,0,0.0,0,3666,11,2024-11-01,0.0,0,1
611,2024,Desember,KKG,Kangkung,0,0,0,0,0,0,0.0,0,3666,12,2024-12-01,0.0,0,1
637,2025,Januari,KKG,Kangkung,4,1,3,0,1,4,80.0,240,6000,1,2025-01-01,32000.0,4,0
663,2025,Februari,KKG,Kangkung,4,1,3,0,1,4,80.0,240,5500,2,2025-02-01,32000.0,4,0
689,2025,Maret,KKG,Kangkung,4,1,3,0,1,4,80.0,240,5500,3,2025-03-01,32000.0,4,0
715,2025,April,KKG,Kangkung,4,1,3,0,1,4,80.0,240,5500,4,2025-04-01,32000.0,4,0
741,2025,Mei,KKG,Kangkung,4,1,3,0,1,4,80.0,240,5500,5,2025-05-01,32000.0,4,0
767,2025,Juni,KKG,Kangkung,4,1,3,0,1,4,70.0,210,5500,6,2025-06-01,28000.0,4,0
793,2025,Juli,KKG,Kangkung,4,1,0,0,1,4,60.0,0,6000,7,2025-07-01,6000.0,1,0
819,2025,Agustus,KKG,Kangkung,4,1,0,0,1,4,75.0,0,4000,8,2025-08-01,7500.0,1,0
845,2025,September,KKG,Kangkung,4,2,0,0,2,4,145.0,0,5000,9,2025-09-01,14500.0,2,0
871,2025,Oktober,KKG,Kangkung,4,0,0,0,0,4,0.0,0,0,10,2025-10-01,0.0,0,1
897,2025,November,KKG,Kangkung,4,2,2,0,2,4,150.0,150,7000,11,2025-11-01,30000.0,4,0
923,2025,Desember,KKG,Kangkung,4,0,0,0,0,4,0.0,0,0,12,2025-12-01,0.0,0,1
950,2026,Januari,KKG,Kangkung,4,1,3,0,1,4,100.0,300,5000,1,2026-01-01,40000.0,4,0
978,2026,Februari,KKG,Kangkung,4,2,0,0,2,4,20.0,0,3000,2,2026-02-01,2000.0,2,0
1006,2026,Maret,KKG,Kangkung,4,2,2,0,1,3,160.0,160,3000,3,2026-03-01,32000.0,4,0
14,2023,Januari,KBK,Kembang Kol,10,6,0,0,8,12,1080.0,0,8000,1,2023-01-01,108000.0,6,0
40,2023,Februari,KBK,Kembang Kol,12,5,0,0,10,17,900.0,0,8000,2,2023-02-01,90000.0,5,0
66,2023,Maret,KBK,Kembang Kol,17,4,0,0,5,18,720.0,0,8000,3,2023-03-01,72000.0,4,0
92,2023,April,KBK,Kembang Kol,18,4,0,0,4,18,720.0,0,8000,4,2023-04-01,72000.0,4,0
118,2023,Mei,KBK,Kembang Kol,18,2,0,0,2,18,360.0,0,8000,5,2023-05-01,36000.0,2,0
144,2023,Juni,KBK,Kembang Kol,18,1,0,0,1,18,80.0,0,8000,6,2023-06-01,8000.0,1,0
170,2023,Juli,KBK,Kembang Kol,18,2,0,0,2,18,120.0,0,9000,7,2023-07-01,12000.0,2,0
196,2023,Agustus,KBK,Kembang Kol,18,2,0,0,2,18,150.0,0,9000,8,2023-08-01,15000.0,2,0
222,2023,September,KBK,Kembang Kol,18,3,0,0,3,18,210.0,0,6000,9,2023-09-01,21000.0,3,0
248,2023,Oktober,KBK,Kembang Kol,18,2,0,0,2,18,140.0,0,5000,10,2023-10-01,14000.0,2,0
274,2023,November,KBK,Kembang Kol,18,4,0,0,4,18,300.0,0,6000,11,2023-11-01,30000.0,4,0
300,2023,Desember,KBK,Kembang Kol,18,2,0,0,2,18,160.0,0,6000,12,2023-12-01,16000.0,2,0
326,2024,Januari,KBK,Kembang Kol,18,4,0,0,18,32,800.0,0,6000,1,2024-01-01,80000.0,4,0
352,2024,Februari,KBK,Kembang Kol,32,4,0,0,5,33,800.0,0,5000,2,2024-02-01,80000.0,4,0
378,2024,Maret,KBK,Kembang Kol,33,8,0,0,3,28,1600.0,0,6000,3,2024-03-01,160000.0,8,0
404,2024,April,KBK,Kembang Kol,15,6,9,0,14,18,641.0,888,8000,4,2024-04-01,152900.0,15,0
430,2024,Mei,KBK,Kembang Kol,5,8,3,0,12,6,1205.0,1125,8000,5,2024-05-01,233000.0,11,0
456,2024,Juni,KBK,Kembang Kol,9,3,5,0,18,16,172.0,720,8000,6,2024-06-01,89200.0,8,0
482,2024,Juli,KBK,Kembang Kol,10,7,8,0,11,19,738.0,363,8000,7,2024-07-01,110100.0,15,0
508,2024,Agustus,KBK,Kembang Kol,8,2,10,0,3,19,1229.0,1160,8000,8,2024-08-01,238900.0,12,0
534,2024,September,KBK,Kembang Kol,0,0,0,0,0,0,0.0,0,7774,9,2024-09-01,0.0,0,1
560,2024,Oktober,KBK,Kembang Kol,18,1,12,0,10,16,427.0,675,8000,10,2024-10-01,110200.0,13,0
586,2024,November,KBK,Kembang Kol,18,6,8,0,16,12,1437.0,869,8000,11,2024-11-01,230600.0,14,0
612,2024,Desember,KBK,Kembang Kol,16,7,3,0,5,19,165.0,1296,8000,12,2024-12-01,146100.0,10,0
638,2025,Januari,KBK,Kembang Kol,10,6,0,0,8,12,1080.0,0,8000,1,2025-01-01,108000.0,6,0
664,2025,Februari,KBK,Kembang Kol,12,5,0,0,10,17,900.0,0,8000,2,2025-02-01,90000.0,5,0
690,2025,Maret,KBK,Kembang Kol,17,4,0,0,5,18,720.0,0,8000,3,2025-03-01,72000.0,4,0
716,2025,April,KBK,Kembang Kol,18,4,0,0,4,18,720.0,0,8000,4,2025-04-01,72000.0,4,0
742,2025,Mei,KBK,Kembang Kol,18,2,0,0,2,18,360.0,0,8000,5,2025-05-01,36000.0,2,0
768,2025,Juni,KBK,Kembang Kol,18,1,0,0,1,18,80.0,0,8000,6,2025-06-01,8000.0,1,0
794,2025,Juli,KBK,Kembang Kol,18,2,0,0,2,18,120.0,0,9000,7,2025-07-01,12000.0,2,0
820,2025,Agustus,KBK,Kembang Kol,18,2,0,0,2,18,150.0,0,9000,8,2025-08-01,15000.0,2,0
846,2025,September,KBK,Kembang Kol,18,3,0,0,3,18,210.0,0,6000,9,2025-09-01,21000.0,3,0
872,2025,Oktober,KBK,Kembang Kol,18,2,0,0,2,18,140.0,0,5000,10,2025-10-01,14000.0,2,0
898,2025,November,KBK,Kembang Kol,18,4,0,0,4,18,300.0,0,6000,11,2025-11-01,30000.0,4,0
924,2025,Desember,KBK,Kembang Kol,18,2,0,0,2,18,160.0,0,6000,12,2025-12-01,16000.0,2,0
951,2026,Januari,KBK,Kembang Kol,18,4,0,0,18,32,800.0,0,6000,1,2026-01-01,80000.0,4,0
979,2026,Februari,KBK,Kembang Kol,32,4,0,0,5,33,800.0,0,5000,2,2026-02-01,80000.0,4,0
1007,2026,Maret,KBK,Kembang Kol,33,8,0,0,3,28,1600.0,0,6000,3,2026-03-01,160000.0,8,0
15,2023,Januari,KTG,Kentang,1,0,0,0,0,1,0.0,0,10750,1,2023-01-01,0.0,0,1
41,2023,Februari,KTG,Kentang,1,0,0,0,1,2,0.0,0,10750,2,2023-02-01,0.0,0,1
67,2023,Maret,KTG,Kentang,2,0,0,0,0,2,0.0,0,10750,3,2023-03-01,0.0,0,1
93,2023,April,KTG,Kentang,2,0,0,0,0,2,0.0,0,10750,4,2023-04-01,0.0,0,1
119,2023,Mei,KTG,Kentang,2,0,0,0,0,2,0.0,0,10750,5,2023-05-01,0.0,0,1
145,2023,Juni,KTG,Kentang,2,0,0,0,0,2,0.0,0,10750,6,2023-06-01,0.0,0,1
171,2023,Juli,KTG,Kentang,2,1,0,0,1,2,90.0,0,13000,7,2023-07-01,9000.0,1,0
197,2023,Agustus,KTG,Kentang,2,1,0,0,1,2,90.0,0,10000,8,2023-08-01,9000.0,1,0
223,2023,September,KTG,Kentang,2,1,0,0,1,2,80.0,0,10000,9,2023-09-01,8000.0,1,0
249,2023,Oktober,KTG,Kentang,2,1,0,0,1,2,90.0,0,10000,10,2023-10-01,9000.0,1,0
275,2023,November,KTG,Kentang,2,0,0,0,0,2,0.0,0,10750,11,2023-11-01,0.0,0,1
301,2023,Desember,KTG,Kentang,2,0,0,0,0,2,0.0,0,10750,12,2023-12-01,0.0,0,1
327,2024,Januari,KTG,Kentang,2,2,0,0,0,0,400.0,0,8000,1,2024-01-01,40000.0,2,0
353,2024,Februari,KTG,Kentang,0,0,0,0,0,0,0.0,0,8000,2,2024-02-01,0.0,0,1
379,2024,Maret,KTG,Kentang,0,0,0,0,0,0,0.0,0,8000,3,2024-03-01,0.0,0,1
405,2024,April,KTG,Kentang,11,2,3,0,1,1,583.0,242,8000,4,2024-04-01,82500.0,5,0
431,2024,Mei,KTG,Kentang,18,5,9,0,16,18,442.0,474,8000,5,2024-05-01,91600.0,14,0
457,2024,Juni,KTG,Kentang,16,6,5,0,5,3,1014.0,1205,8000,6,2024-06-01,221900.0,11,0
483,2024,Juli,KTG,Kentang,11,6,4,0,5,19,1349.0,672,8000,7,2024-07-01,202100.0,10,0
509,2024,Agustus,KTG,Kentang,8,1,9,0,1,13,897.0,1200,8000,8,2024-08-01,209700.0,10,0
535,2024,September,KTG,Kentang,13,1,14,0,16,8,823.0,977,8000,9,2024-09-01,180000.0,15,0
561,2024,Oktober,KTG,Kentang,13,1,7,0,6,8,1131.0,1478,8000,10,2024-10-01,260900.0,8,0
587,2024,November,KTG,Kentang,8,6,4,0,9,16,1549.0,256,8000,11,2024-11-01,180500.0,10,0
613,2024,Desember,KTG,Kentang,16,8,7,0,12,18,196.0,618,8000,12,2024-12-01,81400.0,15,0
639,2025,Januari,KTG,Kentang,1,0,0,0,0,1,0.0,0,0,1,2025-01-01,0.0,0,1
665,2025,Februari,KTG,Kentang,1,0,0,0,1,2,0.0,0,0,2,2025-02-01,0.0,0,1
691,2025,Maret,KTG,Kentang,2,0,0,0,0,2,0.0,0,0,3,2025-03-01,0.0,0,1
717,2025,April,KTG,Kentang,2,0,0,0,0,2,0.0,0,0,4,2025-04-01,0.0,0,1
743,2025,Mei,KTG,Kentang,2,0,0,0,0,2,0.0,0,0,5,2025-05-01,0.0,0,1
769,2025,Juni,KTG,Kentang,2,0,0,0,0,2,0.0,0,0,6,2025-06-01,0.0,0,1
795,2025,Juli,KTG,Kentang,2,1,0,0,1,2,90.0,0,13000,7,2025-07-01,9000.0,1,0
821,2025,Agustus,KTG,Kentang,2,1,0,0,1,2,90.0,0,10000,8,2025-08-01,9000.0,1,0
847,2025,September,KTG,Kentang,2,1,0,0,1,2,80.0,0,10000,9,2025-09-01,8000.0,1,0
873,2025,Oktober,KTG,Kentang,2,1,0,0,1,2,90.0,0,10000,10,2025-10-01,9000.0,1,0
899,2025,November,KTG,Kentang,2,0,0,0,0,2,0.0,0,0,11,2025-11-01,0.0,0,1
925,2025,Desember,KTG,Kentang,2,0,0,0,0,2,0.0,0,0,12,2025-12-01,0.0,0,1
952,2026,Januari,KTG,Kentang,2,2,0,0,0,0,400.0,0,8000,1,2026-01-01,40000.0,2,0
980,2026,Februari,KTG,Kentang,0,0,0,0,0,0,0.0,0,0,2,2026-02-01,0.0,0,1
1008,2026,Maret,KTG,Kentang,0,0,0,0,0,0,0.0,0,0,3,2026-03-01,0.0,0,1
16,2023,Januari,KBS,Kubis,10,7,0,0,5,8,560.0,0,2000,1,2023-01-01,56000.0,7,0
42,2023,Februari,KBS,Kubis,8,3,0,0,2,7,240.0,0,2500,2,2023-02-01,24000.0,3,0
68,2023,Maret,KBS,Kubis,7,0,0,0,2,9,0.0,0,2437,3,2023-03-01,0.0,0,1
94,2023,April,KBS,Kubis,9,0,0,0,0,9,0.0,0,2437,4,2023-04-01,0.0,0,1
120,2023,Mei,KBS,Kubis,9,0,0,0,0,9,0.0,0,2437,5,2023-05-01,0.0,0,1
146,2023,Juni,KBS,Kubis,9,0,0,0,0,9,0.0,0,2437,6,2023-06-01,0.0,0,1
172,2023,Juli,KBS,Kubis,9,2,0,0,2,9,130.0,0,4000,7,2023-07-01,13000.0,2,0
198,2023,Agustus,KBS,Kubis,9,1,0,0,1,9,80.0,0,2500,8,2023-08-01,8000.0,1,0
224,2023,September,KBS,Kubis,9,2,0,0,2,9,140.0,0,2000,9,2023-09-01,14000.0,2,0
250,2023,Oktober,KBS,Kubis,9,1,0,0,1,9,70.0,0,2500,10,2023-10-01,7000.0,1,0
276,2023,November,KBS,Kubis,9,2,0,0,2,9,150.0,0,2000,11,2023-11-01,15000.0,2,0
302,2023,Desember,KBS,Kubis,9,2,0,0,2,9,160.0,0,2000,12,2023-12-01,16000.0,2,0
328,2024,Januari,KBS,Kubis,9,3,0,0,5,11,600.0,0,4000,1,2024-01-01,60000.0,3,0
354,2024,Februari,KBS,Kubis,11,3,0,0,5,13,600.0,0,4000,2,2024-02-01,60000.0,3,0
380,2024,Maret,KBS,Kubis,13,5,0,0,3,11,1000.0,0,5000,3,2024-03-01,100000.0,5,0
406,2024,April,KBS,Kubis,9,8,3,0,15,18,1461.0,320,2000,4,2024-04-01,178100.0,11,0
432,2024,Mei,KBS,Kubis,5,1,14,0,13,11,597.0,1351,2000,5,2024-05-01,194800.0,15,0
458,2024,Juni,KBS,Kubis,9,6,1,0,9,0,937.0,982,2000,6,2024-06-01,191900.0,7,0
484,2024,Juli,KBS,Kubis,14,3,3,0,4,7,1545.0,224,2000,7,2024-07-01,176900.0,6,0
510,2024,Agustus,KBS,Kubis,7,7,10,0,10,17,1076.0,1309,2000,8,2024-08-01,238500.0,17,0
536,2024,September,KBS,Kubis,10,5,10,0,3,0,964.0,405,2000,9,2024-09-01,136900.0,15,0
562,2024,Oktober,KBS,Kubis,4,6,8,0,9,14,38.0,151,2000,10,2024-10-01,18900.0,14,0
588,2024,November,KBS,Kubis,10,1,13,0,6,1,571.0,1398,2000,11,2024-11-01,196900.0,14,0
614,2024,Desember,KBS,Kubis,8,4,13,0,11,10,642.0,1066,2000,12,2024-12-01,170800.0,17,0
640,2025,Januari,KBS,Kubis,10,7,0,0,5,8,560.0,0,2000,1,2025-01-01,56000.0,7,0
666,2025,Februari,KBS,Kubis,8,3,0,0,2,7,240.0,0,2500,2,2025-02-01,24000.0,3,0
692,2025,Maret,KBS,Kubis,7,0,0,0,2,9,0.0,0,0,3,2025-03-01,0.0,0,1
718,2025,April,KBS,Kubis,9,0,0,0,0,9,0.0,0,0,4,2025-04-01,0.0,0,1
744,2025,Mei,KBS,Kubis,9,0,0,0,0,9,0.0,0,0,5,2025-05-01,0.0,0,1
770,2025,Juni,KBS,Kubis,9,0,0,0,0,9,0.0,0,0,6,2025-06-01,0.0,0,1
796,2025,Juli,KBS,Kubis,9,2,0,0,2,9,130.0,0,4000,7,2025-07-01,13000.0,2,0
822,2025,Agustus,KBS,Kubis,9,1,0,0,1,9,80.0,0,2500,8,2025-08-01,8000.0,1,0
848,2025,September,KBS,Kubis,9,2,0,0,2,9,140.0,0,2000,9,2025-09-01,14000.0,2,0
874,2025,Oktober,KBS,Kubis,9,1,0,0,1,9,70.0,0,2500,10,2025-10-01,7000.0,1,0
900,2025,November,KBS,Kubis,9,2,0,0,2,9,150.0,0,2000,11,2025-11-01,15000.0,2,0
926,2025,Desember,KBS,Kubis,9,2,0,0,2,9,160.0,0,2000,12,2025-12-01,16000.0,2,0
953,2026,Januari,KBS,Kubis,9,3,0,0,5,11,600.0,0,4000,1,2026-01-01,60000.0,3,0
981,2026,Februari,KBS,Kubis,11,3,0,0,5,13,600.0,0,4000,2,2026-02-01,60000.0,3,0
1009,2026,Maret,KBS,Kubis,13,5,0,0,3,11,1000.0,0,5000,3,2026-03-01,100000.0,5,0
17,2023,Januari,LBUSI,Labu Siam,15,0,15,0,2,17,0.0,1500,6000,1,2023-01-01,150000.0,15,0
43,2023,Februari,LBUSI,Labu Siam,17,3,14,0,5,19,240.0,1120,5500,2,2023-02-01,136000.0,17,0
69,2023,Maret,LBUSI,Labu Siam,19,5,14,0,2,16,800.0,1120,5500,3,2023-03-01,192000.0,19,0
95,2023,April,LBUSI,Labu Siam,16,2,14,0,2,16,160.0,2240,5500,4,2023-04-01,240000.0,16,0
121,2023,Mei,LBUSI,Labu Siam,16,2,14,0,2,16,160.0,2240,5500,5,2023-05-01,240000.0,16,0
147,2023,Juni,LBUSI,Labu Siam,16,3,13,0,2,15,250.0,1040,5500,6,2023-06-01,129000.0,16,0
173,2023,Juli,LBUSI,Labu Siam,15,2,0,0,2,15,120.0,0,5500,7,2023-07-01,12000.0,2,0
199,2023,Agustus,LBUSI,Labu Siam,15,2,0,0,2,15,150.0,0,3000,8,2023-08-01,15000.0,2,0
225,2023,September,LBUSI,Labu Siam,15,3,0,0,3,15,210.0,0,2000,9,2023-09-01,21000.0,3,0
251,2023,Oktober,LBUSI,Labu Siam,15,3,0,0,3,15,210.0,0,2000,10,2023-10-01,21000.0,3,0
277,2023,November,LBUSI,Labu Siam,15,8,7,0,8,15,600.0,525,2000,11,2023-11-01,112500.0,15,0
303,2023,Desember,LBUSI,Labu Siam,15,1,0,0,1,15,80.0,0,3000,12,2023-12-01,8000.0,1,0
329,2024,Januari,LBUSI,Labu Siam,15,6,9,0,9,18,1200.0,1800,3000,1,2024-01-01,300000.0,15,0
355,2024,Februari,LBUSI,Labu Siam,18,5,0,0,4,17,1000.0,0,3000,2,2024-02-01,100000.0,5,0
381,2024,Maret,LBUSI,Labu Siam,17,5,12,0,3,15,1000.0,2200,3000,3,2024-03-01,320000.0,17,0
407,2024,April,LBUSI,Labu Siam,0,0,0,0,0,0,0.0,0,3000,4,2024-04-01,0.0,0,1
433,2024,Mei,LBUSI,Labu Siam,0,0,0,0,0,0,0.0,0,3000,5,2024-05-01,0.0,0,1
459,2024,Juni,LBUSI,Labu Siam,0,0,0,0,0,0,0.0,0,3000,6,2024-06-01,0.0,0,1
485,2024,Juli,LBUSI,Labu Siam,0,0,0,0,0,0,0.0,0,3000,7,2024-07-01,0.0,0,1
511,2024,Agustus,LBUSI,Labu Siam,0,0,0,0,0,0,0.0,0,3000,8,2024-08-01,0.0,0,1
537,2024,September,LBUSI,Labu Siam,0,0,0,0,0,0,0.0,0,3000,9,2024-09-01,0.0,0,1
563,2024,Oktober,LBUSI,Labu Siam,0,0,0,0,0,0,0.0,0,3000,10,2024-10-01,0.0,0,1
589,2024,November,LBUSI,Labu Siam,0,0,0,0,0,0,0.0,0,3000,11,2024-11-01,0.0,0,1
615,2024,Desember,LBUSI,Labu Siam,0,0,0,0,0,0,0.0,0,3000,12,2024-12-01,0.0,0,1
641,2025,Januari,LBUSI,Labu Siam,15,0,15,0,2,17,0.0,1500,6000,1,2025-01-01,150000.0,15,0
667,2025,Februari,LBUSI,Labu Siam,17,3,14,0,5,19,240.0,1120,5500,2,2025-02-01,136000.0,17,0
693,2025,Maret,LBUSI,Labu Siam,19,5,14,0,2,16,800.0,1120,5500,3,2025-03-01,192000.0,19,0
719,2025,April,LBUSI,Labu Siam,16,2,14,0,2,16,160.0,2240,5500,4,2025-04-01,240000.0,16,0
745,2025,Mei,LBUSI,Labu Siam,16,2,14,0,2,16,160.0,2240,5500,5,2025-05-01,240000.0,16,0
771,2025,Juni,LBUSI,Labu Siam,16,3,13,0,2,15,250.0,1040,5500,6,2025-06-01,129000.0,16,0
797,2025,Juli,LBUSI,Labu Siam,15,2,0,0,2,15,120.0,0,5500,7,2025-07-01,12000.0,2,0
823,2025,Agustus,LBUSI,Labu Siam,15,2,0,0,2,15,150.0,0,3000,8,2025-08-01,15000.0,2,0
849,2025,September,LBUSI,Labu Siam,15,3,0,0,3,15,210.0,0,2000,9,2025-09-01,21000.0,3,0
875,2025,Oktober,LBUSI,Labu Siam,15,3,0,0,3,15,210.0,0,2000,10,2025-10-01,21000.0,3,0
901,2025,November,LBUSI,Labu Siam,15,8,7,0,8,15,600.0,525,2000,11,2025-11-01,112500.0,15,0
927,2025,Desember,LBUSI,Labu Siam,15,1,0,0,1,15,80.0,0,3000,12,2025-12-01,8000.0,1,0
954,2026,Januari,LBUSI,Labu Siam,15,6,9,0,9,18,1200.0,1800,3000,1,2026-01-01,300000.0,15,0
982,2026,Februari,LBUSI,Labu Siam,18,5,0,0,4,17,1000.0,0,3000,2,2026-02-01,100000.0,5,0
1010,2026,Maret,LBUSI,Labu Siam,17,5,12,0,3,15,1000.0,2200,3000,3,2026-03-01,320000.0,17,0
19,2023,Januari,TMN,Mentimun,6,1,5,0,1,6,80.0,400,2500,1,2023-01-01,48000.0,6,0
45,2023,Februari,TMN,Mentimun,6,2,4,0,1,5,160.0,320,3000,2,2023-02-01,48000.0,6,0
71,2023,Maret,TMN,Mentimun,5,2,3,0,0,3,160.0,240,3000,3,2023-03-01,40000.0,5,0
97,2023,April,TMN,Mentimun,3,2,1,0,2,3,160.0,80,3000,4,2023-04-01,24000.0,3,0
123,2023,Mei,TMN,Mentimun,3,2,1,0,2,3,160.0,80,3000,5,2023-05-01,24000.0,3,0
149,2023,Juni,TMN,Mentimun,3,1,2,0,2,4,70.0,140,3000,6,2023-06-01,21000.0,3,0
175,2023,Juli,TMN,Mentimun,4,0,0,0,0,4,0.0,0,3500,7,2023-07-01,0.0,0,1
201,2023,Agustus,TMN,Mentimun,4,1,0,0,1,4,70.0,0,5000,8,2023-08-01,7000.0,1,0
227,2023,September,TMN,Mentimun,4,2,0,0,2,4,145.0,0,4000,9,2023-09-01,14500.0,2,0
253,2023,Oktober,TMN,Mentimun,4,0,0,0,0,4,0.0,0,3500,10,2023-10-01,0.0,0,1
279,2023,November,TMN,Mentimun,4,2,2,0,2,4,150.0,150,5000,11,2023-11-01,30000.0,4,0
305,2023,Desember,TMN,Mentimun,4,0,0,0,0,4,0.0,0,3500,12,2023-12-01,0.0,0,1
331,2024,Januari,TMN,Mentimun,4,2,2,0,3,5,400.0,400,2000,1,2024-01-01,80000.0,4,0
357,2024,Februari,TMN,Mentimun,5,2,0,0,1,4,300.0,0,2000,2,2024-02-01,30000.0,2,0
383,2024,Maret,TMN,Mentimun,4,2,2,0,1,3,300.0,300,3000,3,2024-03-01,60000.0,4,0
409,2024,April,TMN,Mentimun,0,0,0,0,0,0,0.0,0,2333,4,2024-04-01,0.0,0,1
435,2024,Mei,TMN,Mentimun,0,0,0,0,0,0,0.0,0,2333,5,2024-05-01,0.0,0,1
461,2024,Juni,TMN,Mentimun,0,0,0,0,0,0,0.0,0,2333,6,2024-06-01,0.0,0,1
487,2024,Juli,TMN,Mentimun,0,0,0,0,0,0,0.0,0,2333,7,2024-07-01,0.0,0,1
513,2024,Agustus,TMN,Mentimun,0,0,0,0,0,0,0.0,0,2333,8,2024-08-01,0.0,0,1
539,2024,September,TMN,Mentimun,0,0,0,0,0,0,0.0,0,2333,9,2024-09-01,0.0,0,1
565,2024,Oktober,TMN,Mentimun,0,0,0,0,0,0,0.0,0,2333,10,2024-10-01,0.0,0,1
591,2024,November,TMN,Mentimun,0,0,0,0,0,0,0.0,0,2333,11,2024-11-01,0.0,0,1
617,2024,Desember,TMN,Mentimun,0,0,0,0,0,0,0.0,0,2333,12,2024-12-01,0.0,0,1
643,2025,Januari,TMN,Mentimun,6,1,5,0,1,6,80.0,400,2500,1,2025-01-01,48000.0,6,0
669,2025,Februari,TMN,Mentimun,6,2,4,0,1,5,160.0,320,3000,2,2025-02-01,48000.0,6,0
695,2025,Maret,TMN,Mentimun,5,2,3,0,0,3,160.0,240,3000,3,2025-03-01,40000.0,5,0
721,2025,April,TMN,Mentimun,3,2,1,0,2,3,160.0,80,3000,4,2025-04-01,24000.0,3,0
747,2025,Mei,TMN,Mentimun,3,2,1,0,2,3,160.0,80,3000,5,2025-05-01,24000.0,3,0
773,2025,Juni,TMN,Mentimun,3,1,2,0,2,4,70.0,140,3000,6,2025-06-01,21000.0,3,0
799,2025,Juli,TMN,Mentimun,4,0,0,0,0,4,0.0,0,0,7,2025-07-01,0.0,0,1
825,2025,Agustus,TMN,Mentimun,4,1,0,0,1,4,70.0,0,5000,8,2025-08-01,7000.0,1,0
851,2025,September,TMN,Mentimun,4,2,0,0,2,4,145.0,0,4000,9,2025-09-01,14500.0,2,0
877,2025,Oktober,TMN,Mentimun,4,0,0,0,0,4,0.0,0,0,10,2025-10-01,0.0,0,1
903,2025,November,TMN,Mentimun,4,2,2,0,2,4,150.0,150,5000,11,2025-11-01,30000.0,4,0
929,2025,Desember,TMN,Mentimun,4,0,0,0,0,4,0.0,0,0,12,2025-12-01,0.0,0,1
957,2026,Januari,TMN,Mentimun,4,2,2,0,3,5,400.0,400,2000,1,2026-01-01,80000.0,4,0
985,2026,Februari,TMN,Mentimun,5,2,0,0,1,4,300.0,0,2000,2,2026-02-01,30000.0,2,0
1013,2026,Maret,TMN,Mentimun,4,2,2,0,1,3,300.0,300,3000,3,2026-03-01,60000.0,4,0
20,2023,Januari,PPR,Paprika,19,3,0,0,2,18,225.0,0,20000,1,2023-01-01,22500.0,3,0
46,2023,Februari,PPR,Paprika,18,5,13,0,5,18,800.0,2080,27000,2,2023-02-01,288000.0,18,0
72,2023,Maret,PPR,Paprika,18,5,0,0,4,17,375.0,0,27000,3,2023-03-01,37500.0,5,0
98,2023,April,PPR,Paprika,17,3,14,0,3,17,480.0,2240,27000,4,2023-04-01,272000.0,17,0
124,2023,Mei,PPR,Paprika,17,1,0,0,1,17,75.0,0,27000,5,2023-05-01,7500.0,1,0
150,2023,Juni,PPR,Paprika,17,1,16,0,1,17,85.0,1280,27000,6,2023-06-01,136500.0,17,0
176,2023,Juli,PPR,Paprika,17,2,0,0,2,17,120.0,0,24000,7,2023-07-01,12000.0,2,0
202,2023,Agustus,PPR,Paprika,17,2,0,0,2,17,160.0,0,35000,8,2023-08-01,16000.0,2,0
228,2023,September,PPR,Paprika,17,2,0,0,2,17,145.0,0,15000,9,2023-09-01,14500.0,2,0
254,2023,Oktober,PPR,Paprika,17,3,0,0,3,17,210.0,0,15000,10,2023-10-01,21000.0,3,0
280,2023,November,PPR,Paprika,17,4,13,0,4,17,300.0,1040,15000,11,2023-11-01,134000.0,17,0
306,2023,Desember,PPR,Paprika,17,0,0,0,0,17,0.0,0,23545,12,2023-12-01,0.0,0,1
332,2024,Januari,PPR,Paprika,17,5,12,0,8,20,1000.0,2400,30000,1,2024-01-01,340000.0,17,0
358,2024,Februari,PPR,Paprika,20,7,0,0,5,18,1400.0,0,25000,2,2024-02-01,140000.0,7,0
384,2024,Maret,PPR,Paprika,18,6,12,0,3,15,1200.0,2400,30000,3,2024-03-01,360000.0,18,0
410,2024,April,PPR,Paprika,0,0,0,0,0,0,0.0,0,28333,4,2024-04-01,0.0,0,1
436,2024,Mei,PPR,Paprika,0,0,0,0,0,0,0.0,0,28333,5,2024-05-01,0.0,0,1
462,2024,Juni,PPR,Paprika,0,0,0,0,0,0,0.0,0,28333,6,2024-06-01,0.0,0,1
488,2024,Juli,PPR,Paprika,0,0,0,0,0,0,0.0,0,28333,7,2024-07-01,0.0,0,1
514,2024,Agustus,PPR,Paprika,0,0,0,0,0,0,0.0,0,28333,8,2024-08-01,0.0,0,1
540,2024,September,PPR,Paprika,0,0,0,0,0,0,0.0,0,28333,9,2024-09-01,0.0,0,1
566,2024,Oktober,PPR,Paprika,0,0,0,0,0,0,0.0,0,28333,10,2024-10-01,0.0,0,1
592,2024,November,PPR,Paprika,0,0,0,0,0,0,0.0,0,28333,11,2024-11-01,0.0,0,1
618,2024,Desember,PPR,Paprika,0,0,0,0,0,0,0.0,0,28333,12,2024-12-01,0.0,0,1
644,2025,Januari,PPR,Paprika,19,3,0,0,2,18,225.0,0,20000,1,2025-01-01,22500.0,3,0
670,2025,Februari,PPR,Paprika,18,5,13,0,5,18,800.0,2080,27000,2,2025-02-01,288000.0,18,0
696,2025,Maret,PPR,Paprika,18,5,0,0,4,17,375.0,0,27000,3,2025-03-01,37500.0,5,0
722,2025,April,PPR,Paprika,17,3,14,0,3,17,480.0,2240,27000,4,2025-04-01,272000.0,17,0
748,2025,Mei,PPR,Paprika,17,1,0,0,1,17,75.0,0,27000,5,2025-05-01,7500.0,1,0
774,2025,Juni,PPR,Paprika,17,1,16,0,1,17,85.0,1280,27000,6,2025-06-01,136500.0,17,0
800,2025,Juli,PPR,Paprika,17,2,0,0,2,17,120.0,0,24000,7,2025-07-01,12000.0,2,0
826,2025,Agustus,PPR,Paprika,17,2,0,0,2,17,160.0,0,35000,8,2025-08-01,16000.0,2,0
852,2025,September,PPR,Paprika,17,2,0,0,2,17,145.0,0,15000,9,2025-09-01,14500.0,2,0
878,2025,Oktober,PPR,Paprika,17,3,0,0,3,17,210.0,0,15000,10,2025-10-01,21000.0,3,0
904,2025,November,PPR,Paprika,17,4,13,0,4,17,300.0,1040,15000,11,2025-11-01,134000.0,17,0
930,2025,Desember,PPR,Paprika,17,0,0,0,0,17,0.0,0,0,12,2025-12-01,0.0,0,1
958,2026,Januari,PPR,Paprika,17,5,12,0,8,20,1000.0,2400,30000,1,2026-01-01,340000.0,17,0
986,2026,Februari,PPR,Paprika,20,7,0,0,5,18,1400.0,0,25000,2,2026-02-01,140000.0,7,0
1014,2026,Maret,PPR,Paprika,18,6,12,0,3,15,1200.0,2400,30000,3,2026-03-01,360000.0,18,0
21,2023,Januari,SWI,Petsai/Sawi,8,8,0,0,8,8,640.0,0,15000,1,2023-01-01,64000.0,8,0
47,2023,Februari,SWI,Petsai/Sawi,8,3,0,0,3,8,240.0,0,1500,2,2023-02-01,24000.0,3,0
73,2023,Maret,SWI,Petsai/Sawi,8,8,0,0,3,3,640.0,0,1500,3,2023-03-01,64000.0,8,0
99,2023,April,SWI,Petsai/Sawi,3,0,0,0,0,3,0.0,0,4500,4,2023-04-01,0.0,0,1
125,2023,Mei,SWI,Petsai/Sawi,3,2,0,0,2,3,160.0,0,1500,5,2023-05-01,16000.0,2,0
151,2023,Juni,SWI,Petsai/Sawi,3,2,0,0,2,3,160.0,0,1500,6,2023-06-01,16000.0,2,0
177,2023,Juli,SWI,Petsai/Sawi,3,0,0,0,0,3,0.0,0,4500,7,2023-07-01,0.0,0,1
203,2023,Agustus,SWI,Petsai/Sawi,3,0,0,0,0,3,0.0,0,4500,8,2023-08-01,0.0,0,1
229,2023,September,SWI,Petsai/Sawi,3,1,0,0,1,3,75.0,0,6000,9,2023-09-01,7500.0,1,0
255,2023,Oktober,SWI,Petsai/Sawi,3,0,0,0,0,3,0.0,0,4500,10,2023-10-01,0.0,0,1
281,2023,November,SWI,Petsai/Sawi,3,0,0,0,0,3,0.0,0,4500,11,2023-11-01,0.0,0,1
307,2023,Desember,SWI,Petsai/Sawi,3,0,0,0,0,3,0.0,0,4500,12,2023-12-01,0.0,0,1
333,2024,Januari,SWI,Petsai/Sawi,3,1,0,0,6,8,200.0,0,4000,1,2024-01-01,20000.0,1,0
359,2024,Februari,SWI,Petsai/Sawi,8,2,0,0,3,9,400.0,0,3000,2,2024-02-01,40000.0,2,0
385,2024,Maret,SWI,Petsai/Sawi,9,3,0,0,2,8,600.0,0,6000,3,2024-03-01,60000.0,3,0
411,2024,April,SWI,Petsai/Sawi,0,0,0,0,0,0,0.0,0,4333,4,2024-04-01,0.0,0,1
437,2024,Mei,SWI,Petsai/Sawi,0,0,0,0,0,0,0.0,0,4333,5,2024-05-01,0.0,0,1
463,2024,Juni,SWI,Petsai/Sawi,0,0,0,0,0,0,0.0,0,4333,6,2024-06-01,0.0,0,1
489,2024,Juli,SWI,Petsai/Sawi,0,0,0,0,0,0,0.0,0,4333,7,2024-07-01,0.0,0,1
515,2024,Agustus,SWI,Petsai/Sawi,0,0,0,0,0,0,0.0,0,4333,8,2024-08-01,0.0,0,1
541,2024,September,SWI,Petsai/Sawi,0,0,0,0,0,0,0.0,0,4333,9,2024-09-01,0.0,0,1
567,2024,Oktober,SWI,Petsai/Sawi,0,0,0,0,0,0,0.0,0,4333,10,2024-10-01,0.0,0,1
593,2024,November,SWI,Petsai/Sawi,0,0,0,0,0,0,0.0,0,4333,11,2024-11-01,0.0,0,1
619,2024,Desember,SWI,Petsai/Sawi,0,0,0,0,0,0,0.0,0,4333,12,2024-12-01,0.0,0,1
645,2025,Januari,SWI,Petsai/Sawi,8,8,0,0,8,8,640.0,0,15000,1,2025-01-01,64000.0,8,0
671,2025,Februari,SWI,Petsai/Sawi,8,3,0,0,3,8,240.0,0,1500,2,2025-02-01,24000.0,3,0
697,2025,Maret,SWI,Petsai/Sawi,8,8,0,0,3,3,640.0,0,1500,3,2025-03-01,64000.0,8,0
723,2025,April,SWI,Petsai/Sawi,3,0,0,0,0,3,0.0,0,0,4,2025-04-01,0.0,0,1
749,2025,Mei,SWI,Petsai/Sawi,3,2,0,0,2,3,160.0,0,1500,5,2025-05-01,16000.0,2,0
775,2025,Juni,SWI,Petsai/Sawi,3,2,0,0,2,3,160.0,0,1500,6,2025-06-01,16000.0,2,0
801,2025,Juli,SWI,Petsai/Sawi,3,0,0,0,0,3,0.0,0,0,7,2025-07-01,0.0,0,1
827,2025,Agustus,SWI,Petsai/Sawi,3,0,0,0,0,3,0.0,0,0,8,2025-08-01,0.0,0,1
853,2025,September,SWI,Petsai/Sawi,3,1,0,0,1,3,75.0,0,6000,9,2025-09-01,7500.0,1,0
879,2025,Oktober,SWI,Petsai/Sawi,3,0,0,0,0,3,0.0,0,0,10,2025-10-01,0.0,0,1
905,2025,November,SWI,Petsai/Sawi,3,0,0,0,0,3,0.0,0,0,11,2025-11-01,0.0,0,1
931,2025,Desember,SWI,Petsai/Sawi,3,0,0,0,0,3,0.0,0,0,12,2025-12-01,0.0,0,1
959,2026,Januari,SWI,Petsai/Sawi,3,1,0,0,6,8,200.0,0,4000,1,2026-01-01,20000.0,1,0
987,2026,Februari,SWI,Petsai/Sawi,8,2,0,0,3,9,400.0,0,3000,2,2026-02-01,40000.0,2,0
1015,2026,Maret,SWI,Petsai/Sawi,9,3,0,0,2,8,600.0,0,6000,3,2026-03-01,60000.0,3,0
24,2023,Januari,TRG,Terung,11,0,11,0,2,13,0.0,880,4500,1,2023-01-01,88000.0,11,0
50,2023,Februari,TRG,Terung,13,3,10,0,6,16,240.0,800,4000,2,2023-02-01,104000.0,13,0
76,2023,Maret,TRG,Terung,16,3,13,0,2,15,240.0,1040,4000,3,2023-03-01,128000.0,16,0
102,2023,April,TRG,Terung,15,4,11,0,4,15,320.0,880,4000,4,2023-04-01,120000.0,15,0
128,2023,Mei,TRG,Terung,15,0,15,0,0,15,0.0,1200,4000,5,2023-05-01,120000.0,15,0
154,2023,Juni,TRG,Terung,15,0,0,0,0,15,0.0,0,5345,6,2023-06-01,0.0,0,1
180,2023,Juli,TRG,Terung,15,2,0,0,2,15,120.0,0,4300,7,2023-07-01,12000.0,2,0
206,2023,Agustus,TRG,Terung,15,1,0,0,1,15,70.0,0,4000,8,2023-08-01,7000.0,1,0
232,2023,September,TRG,Terung,15,2,0,0,2,15,145.0,0,8000,9,2023-09-01,14500.0,2,0
258,2023,Oktober,TRG,Terung,15,4,0,0,4,15,280.0,0,8000,10,2023-10-01,28000.0,4,0
284,2023,November,TRG,Terung,15,7,8,0,7,15,525.0,600,7000,11,2023-11-01,112500.0,15,0
310,2023,Desember,TRG,Terung,15,5,0,0,5,15,400.0,0,7000,12,2023-12-01,40000.0,5,0
336,2024,Januari,TRG,Terung,15,5,10,0,8,18,750.0,1500,6000,1,2024-01-01,225000.0,15,0
362,2024,Februari,TRG,Terung,18,4,0,0,3,17,600.0,0,6000,2,2024-02-01,60000.0,4,0
388,2024,Maret,TRG,Terung,17,4,13,0,2,15,600.0,2600,4000,3,2024-03-01,320000.0,17,0
414,2024,April,TRG,Terung,0,0,0,0,0,0,0.0,0,5333,4,2024-04-01,0.0,0,1
440,2024,Mei,TRG,Terung,0,0,0,0,0,0,0.0,0,5333,5,2024-05-01,0.0,0,1
466,2024,Juni,TRG,Terung,0,0,0,0,0,0,0.0,0,5333,6,2024-06-01,0.0,0,1
492,2024,Juli,TRG,Terung,0,0,0,0,0,0,0.0,0,5333,7,2024-07-01,0.0,0,1
518,2024,Agustus,TRG,Terung,0,0,0,0,0,0,0.0,0,5333,8,2024-08-01,0.0,0,1
544,2024,September,TRG,Terung,0,0,0,0,0,0,0.0,0,5333,9,2024-09-01,0.0,0,1
570,2024,Oktober,TRG,Terung,0,0,0,0,0,0,0.0,0,5333,10,2024-10-01,0.0,0,1
596,2024,November,TRG,Terung,0,0,0,0,0,0,0.0,0,5333,11,2024-11-01,0.0,0,1
622,2024,Desember,TRG,Terung,0,0,0,0,0,0,0.0,0,5333,12,2024-12-01,0.0,0,1
648,2025,Januari,TRG,Terung,11,0,11,0,2,13,0.0,880,4500,1,2025-01-01,88000.0,11,0
674,2025,Februari,TRG,Terung,13,3,10,0,6,16,240.0,800,4000,2,2025-02-01,104000.0,13,0
700,2025,Maret,TRG,Terung,16,3,13,0,2,15,240.0,1040,4000,3,2025-03-01,128000.0,16,0
726,2025,April,TRG,Terung,15,4,11,0,4,15,320.0,880,4000,4,2025-04-01,120000.0,15,0
752,2025,Mei,TRG,Terung,15,0,15,0,0,15,0.0,1200,4000,5,2025-05-01,120000.0,15,0
778,2025,Juni,TRG,Terung,15,0,0,0,0,15,0.0,0,0,6,2025-06-01,0.0,0,1
804,2025,Juli,TRG,Terung,15,2,0,0,2,15,120.0,0,4300,7,2025-07-01,12000.0,2,0
830,2025,Agustus,TRG,Terung,15,1,0,0,1,15,70.0,0,4000,8,2025-08-01,7000.0,1,0
856,2025,September,TRG,Terung,15,2,0,0,2,15,145.0,0,8000,9,2025-09-01,14500.0,2,0
882,2025,Oktober,TRG,Terung,15,4,0,0,4,15,280.0,0,8000,10,2025-10-01,28000.0,4,0
908,2025,November,TRG,Terung,15,7,8,0,7,15,525.0,600,7000,11,2025-11-01,112500.0,15,0
934,2025,Desember,TRG,Terung,15,5,0,0,5,15,400.0,0,7000,12,2025-12-01,40000.0,5,0
962,2026,Januari,TRG,Terung,15,5,10,0,8,18,750.0,1500,6000,1,2026-01-01,225000.0,15,0
990,2026,Februari,TRG,Terung,18,4,0,0,3,17,600.0,0,6000,2,2026-02-01,60000.0,4,0
1018,2026,Maret,TRG,Terung,17,4,13,0,2,15,600.0,2600,4000,3,2026-03-01,320000.0,17,0
25,2023,Januari,TMT,Tomat,11,4,7,0,3,10,400.0,700,4000,1,2023-01-01,110000.0,11,0
51,2023,Februari,TMT,Tomat,10,4,6,0,8,14,400.0,600,3500,2,2023-02-01,100000.0,10,0
77,2023,Maret,TMT,Tomat,14,3,11,0,2,13,300.0,1100,35000,3,2023-03-01,140000.0,14,0
103,2023,April,TMT,Tomat,13,1,12,0,1,13,100.0,1200,35000,4,2023-04-01,130000.0,13,0
129,2023,Mei,TMT,Tomat,13,1,12,0,1,13,100.0,1200,3500,5,2023-05-01,130000.0,13,0
155,2023,Juni,TMT,Tomat,13,1,12,0,1,13,90.0,1080,3500,6,2023-06-01,117000.0,13,0
181,2023,Juli,TMT,Tomat,13,2,0,0,2,13,120.0,0,8000,7,2023-07-01,12000.0,2,0
207,2023,Agustus,TMT,Tomat,13,1,0,0,1,13,80.0,0,6000,8,2023-08-01,8000.0,1,0
233,2023,September,TMT,Tomat,13,4,0,0,4,13,280.0,0,3000,9,2023-09-01,28000.0,4,0
259,2023,Oktober,TMT,Tomat,13,4,0,0,4,13,280.0,0,5000,10,2023-10-01,28000.0,4,0
285,2023,November,TMT,Tomat,13,7,6,0,7,13,525.0,450,3000,11,2023-11-01,97500.0,13,0
311,2023,Desember,TMT,Tomat,13,2,0,0,2,13,160.0,0,3000,12,2023-12-01,16000.0,2,0
337,2024,Januari,TMT,Tomat,13,4,9,0,5,14,800.0,1800,5000,1,2024-01-01,260000.0,13,0
363,2024,Februari,TMT,Tomat,14,4,0,0,3,13,800.0,0,4000,2,2024-02-01,80000.0,4,0
389,2024,Maret,TMT,Tomat,13,4,9,0,2,11,800.0,1800,4000,3,2024-03-01,260000.0,13,0
415,2024,April,TMT,Tomat,0,0,0,0,0,0,0.0,0,4333,4,2024-04-01,0.0,0,1
441,2024,Mei,TMT,Tomat,0,0,0,0,0,0,0.0,0,4333,5,2024-05-01,0.0,0,1
467,2024,Juni,TMT,Tomat,0,0,0,0,0,0,0.0,0,4333,6,2024-06-01,0.0,0,1
493,2024,Juli,TMT,Tomat,0,0,0,0,0,0,0.0,0,4333,7,2024-07-01,0.0,0,1
519,2024,Agustus,TMT,Tomat,0,0,0,0,0,0,0.0,0,4333,8,2024-08-01,0.0,0,1
545,2024,September,TMT,Tomat,0,0,0,0,0,0,0.0,0,4333,9,2024-09-01,0.0,0,1
571,2024,Oktober,TMT,Tomat,0,0,0,0,0,0,0.0,0,4333,10,2024-10-01,0.0,0,1
597,2024,November,TMT,Tomat,0,0,0,0,0,0,0.0,0,4333,11,2024-11-01,0.0,0,1
623,2024,Desember,TMT,Tomat,0,0,0,0,0,0,0.0,0,4333,12,2024-12-01,0.0,0,1
649,2025,Januari,TMT,Tomat,11,4,7,0,3,10,400.0,700,4000,1,2025-01-01,110000.0,11,0
675,2025,Februari,TMT,Tomat,10,4,6,0,8,14,400.0,600,3500,2,2025-02-01,100000.0,10,0
701,2025,Maret,TMT,Tomat,14,3,11,0,2,13,300.0,1100,35000,3,2025-03-01,140000.0,14,0
727,2025,April,TMT,Tomat,13,1,12,0,1,13,100.0,1200,35000,4,2025-04-01,130000.0,13,0
753,2025,Mei,TMT,Tomat,13,1,12,0,1,13,100.0,1200,3500,5,2025-05-01,130000.0,13,0
779,2025,Juni,TMT,Tomat,13,1,12,0,1,13,90.0,1080,3500,6,2025-06-01,117000.0,13,0
805,2025,Juli,TMT,Tomat,13,2,0,0,2,13,120.0,0,8000,7,2025-07-01,12000.0,2,0
831,2025,Agustus,TMT,Tomat,13,1,0,0,1,13,80.0,0,6000,8,2025-08-01,8000.0,1,0
857,2025,September,TMT,Tomat,13,4,0,0,4,13,280.0,0,3000,9,2025-09-01,28000.0,4,0
883,2025,Oktober,TMT,Tomat,13,4,0,0,4,13,280.0,0,5000,10,2025-10-01,28000.0,4,0
909,2025,November,TMT,Tomat,13,7,6,0,7,13,525.0,450,3000,11,2025-11-01,97500.0,13,0
935,2025,Desember,TMT,Tomat,13,2,0,0,2,13,160.0,0,3000,12,2025-12-01,16000.0,2,0
963,2026,Januari,TMT,Tomat,13,4,9,0,5,14,800.0,1800,5000,1,2026-01-01,260000.0,13,0
991,2026,Februari,TMT,Tomat,14,4,0,0,3,13,800.0,0,4000,2,2026-02-01,80000.0,4,0
1019,2026,Maret,TMT,Tomat,13,4,9,0,2,11,800.0,1800,4000,3,2026-03-01,260000.0,13,0
26,2023,Januari,WTL,Wortel,4,1,0,0,1,4,180.0,0,8000,1,2023-01-01,18000.0,1,0
52,2023,Februari,WTL,Wortel,4,1,0,0,1,4,180.0,0,4500,2,2023-02-01,18000.0,1,0
78,2023,Maret,WTL,Wortel,4,1,0,0,1,4,180.0,0,4500,3,2023-03-01,18000.0,1,0
104,2023,April,WTL,Wortel,4,1,0,0,1,4,180.0,0,4500,4,2023-04-01,18000.0,1,0
130,2023,Mei,WTL,Wortel,4,1,0,0,1,4,180.0,0,4500,5,2023-05-01,18000.0,1,0
156,2023,Juni,WTL,Wortel,4,1,0,0,1,4,75.0,0,4500,6,2023-06-01,7500.0,1,0
182,2023,Juli,WTL,Wortel,4,0,0,0,0,4,0.0,0,5083,7,2023-07-01,0.0,0,1
208,2023,Agustus,WTL,Wortel,4,0,0,0,0,4,0.0,0,5083,8,2023-08-01,0.0,0,1
234,2023,September,WTL,Wortel,4,0,0,0,0,4,0.0,0,5083,9,2023-09-01,0.0,0,1
260,2023,Oktober,WTL,Wortel,4,0,0,0,0,4,0.0,0,5083,10,2023-10-01,0.0,0,1
286,2023,November,WTL,Wortel,4,0,0,0,0,4,0.0,0,5083,11,2023-11-01,0.0,0,1
312,2023,Desember,WTL,Wortel,4,0,0,0,0,4,0.0,0,5083,12,2023-12-01,0.0,0,1
338,2024,Januari,WTL,Wortel,4,1,0,0,0,3,15.0,0,5000,1,2024-01-01,1500.0,1,0
364,2024,Februari,WTL,Wortel,3,2,0,0,0,1,150.0,0,6000,2,2024-02-01,15000.0,2,0
390,2024,Maret,WTL,Wortel,1,1,0,0,1,1,150.0,0,12000,3,2024-03-01,15000.0,1,0
416,2024,April,WTL,Wortel,10,3,10,0,5,19,1467.0,903,4500,4,2024-04-01,237000.0,13,0
442,2024,Mei,WTL,Wortel,9,2,3,0,18,14,1030.0,31,4500,5,2024-05-01,106100.0,5,0
468,2024,Juni,WTL,Wortel,15,7,11,0,15,8,655.0,1357,4500,6,2024-06-01,201200.0,18,0
494,2024,Juli,WTL,Wortel,18,5,3,0,12,7,160.0,580,4500,7,2024-07-01,74000.0,8,0
520,2024,Agustus,WTL,Wortel,15,5,5,0,18,5,224.0,1317,4500,8,2024-08-01,154100.0,10,0
546,2024,September,WTL,Wortel,7,3,5,0,12,19,266.0,79,4500,9,2024-09-01,34500.0,8,0
572,2024,Oktober,WTL,Wortel,11,6,1,0,6,9,651.0,974,4500,10,2024-10-01,162500.0,7,0
598,2024,November,WTL,Wortel,16,4,6,0,8,9,1330.0,731,4500,11,2024-11-01,206100.0,10,0
624,2024,Desember,WTL,Wortel,12,6,4,0,1,6,820.0,408,4500,12,2024-12-01,122800.0,10,0
650,2025,Januari,WTL,Wortel,4,1,0,0,1,4,180.0,0,8000,1,2025-01-01,18000.0,1,0
676,2025,Februari,WTL,Wortel,4,1,0,0,1,4,180.0,0,4500,2,2025-02-01,18000.0,1,0
702,2025,Maret,WTL,Wortel,4,1,0,0,1,4,180.0,0,4500,3,2025-03-01,18000.0,1,0
728,2025,April,WTL,Wortel,4,1,0,0,1,4,180.0,0,4500,4,2025-04-01,18000.0,1,0
754,2025,Mei,WTL,Wortel,4,1,0,0,1,4,180.0,0,4500,5,2025-05-01,18000.0,1,0
780,2025,Juni,WTL,Wortel,4,1,0,0,1,4,75.0,0,4500,6,2025-06-01,7500.0,1,0
806,2025,Juli,WTL,Wortel,4,0,0,0,0,4,0.0,0,0,7,2025-07-01,0.0,0,1
832,2025,Agustus,WTL,Wortel,4,0,0,0,0,4,0.0,0,0,8,2025-08-01,0.0,0,1
858,2025,September,WTL,Wortel,4,0,0,0,0,4,0.0,0,0,9,2025-09-01,0.0,0,1
884,2025,Oktober,WTL,Wortel,4,0,0,0,0,4,0.0,0,0,10,2025-10-01,0.0,0,1
910,2025,November,WTL,Wortel,4,0,0,0,0,4,0.0,0,0,11,2025-11-01,0.0,0,1
936,2025,Desember,WTL,Wortel,4,0,0,0,0,4,0.0,0,0,12,2025-12-01,0.0,0,1
964,2026,Januari,WTL,Wortel,4,1,0,0,0,3,15.0,0,5000,1,2026-01-01,1500.0,1,0
992,2026,Februari,WTL,Wortel,3,2,0,0,0,1,150.0,0,6000,2,2026-02-01,15000.0,2,0
1020,2026,Maret,WTL,Wortel,1,1,0,0,1,1,150.0,0,12000,3,2026-03-01,15000.0,1,0
