Nama,Periode,split,aktual,prediksi
Bawang Daun,2023-07-01,Train,11999.997,4525.927
Bawang Daun,2023-08-01,Train,14000.007,8876.78
Bawang Daun,2023-09-01,Train,16000.001,21107.725
Bawang Daun,2023-10-01,Train,14500.003,46394.63
Bawang Daun,2023-11-01,Train,37499.99,67520.805
Bawang Daun,2023-12-01,Train,23999.998,72383.87
Bawang Daun,2024-01-01,Train,59999.98,59874.62
Bawang Daun,2024-02-01,Train,59999.98,42127.117
Bawang Daun,2024-03-01,Train,59999.98,21112.838
Bawang Daun,2024-04-01,Train,136399.92,10358.033
Bawang Daun,2024-05-01,Train,130499.94,5325.596
Bawang Daun,2024-06-01,Train,235399.89,4803.1963
Bawang Daun,2024-07-01,Train,97199.99,9738.279
Bawang Daun,2024-08-01,Train,0.0,27009.705
Bawang Daun,2024-09-01,Train,95900.05,44656.35
Bawang Daun,2024-10-01,Train,183600.08,25456.385
Bawang Daun,2024-11-01,Train,90200.0,8040.452
Bawang Daun,2024-12-01,Train,167199.97,90537.06
Bawang Daun,2025-01-01,Train,17999.998,88340.945
Bawang Daun,2025-02-01,Train,36000.02,47058.484
Bawang Daun,2025-03-01,Train,54000.01,21641.037
Bawang Daun,2025-04-01,Train,36000.02,7532.632
Bawang Merah,2023-07-01,Train,0.0,0.37070167
Bawang Merah,2023-08-01,Train,0.0,0.14663835
Bawang Merah,2023-09-01,Train,0.0,0.14233686
Bawang Merah,2023-10-01,Train,0.0,0.3825103
Bawang Merah,2023-11-01,Train,0.0,2.0309432
Bawang Merah,2023-12-01,Train,0.0,28.481733
Bawang Merah,2024-01-01,Train,0.0,444.05728
Bawang Merah,2024-02-01,Train,0.0,1372.4955
Bawang Merah,2024-03-01,Train,30000.02,637.4579
Bawang Merah,2024-04-01,Train,210300.02,179.3666
Bawang Merah,2024-05-01,Train,0.0,206.29045
Bawang Merah,2024-06-01,Train,0.0,1652.7244
Bawang Merah,2024-07-01,Train,87399.96,36.0932
Bawang Merah,2024-08-01,Train,185000.02,0.95964855
Bawang Merah,2024-09-01,Train,255899.8,20.424479
Bawang Merah,2024-10-01,Train,139800.06,44741.324
Bawang Merah,2024-11-01,Train,88300.016,99905.94
Bawang Merah,2024-12-01,Train,226100.05,89707.484
Bawang Merah,2025-01-01,Train,0.0,58201.273
Bawang Merah,2025-02-01,Train,0.0,25612.305
Bawang Merah,2025-03-01,Train,0.0,5195.6323
Bawang Merah,2025-04-01,Train,0.0,23.095884
Bawang Putih,2023-07-01,Train,0.0,0.5642773
Bawang Putih,2023-08-01,Train,0.0,0.2536592
Bawang Putih,2023-09-01,Train,0.0,0.25326955
Bawang Putih,2023-10-01,Train,0.0,0.6102161
Bawang Putih,2023-11-01,Train,0.0,2.9438384
Bawang Putih,2023-12-01,Train,0.0,50.685314
Bawang Putih,2024-01-01,Train,0.0,702.2448
Bawang Putih,2024-02-01,Train,0.0,2020.5
Bawang Putih,2024-03-01,Train,0.0,938.8225
Bawang Putih,2024-04-01,Train,122500.02,91.08903
Bawang Putih,2024-05-01,Train,137200.05,26.617327
Bawang Putih,2024-06-01,Train,31400.006,59.336567
Bawang Putih,2024-07-01,Train,216200.08,8022.2183
Bawang Putih,2024-08-01,Train,210800.0,14063.373
Bawang Putih,2024-09-01,Train,147500.02,33496.438
Bawang Putih,2024-10-01,Train,239199.97,92023.31
Bawang Putih,2024-11-01,Train,122500.02,114630.78
Bawang Putih,2024-12-01,Train,90800.01,96702.76
Bawang Putih,2025-01-01,Train,0.0,68565.984
Bawang Putih,2025-02-01,Train,0.0,27806.766
Bawang Putih,2025-03-01,Train,0.0,5148.5312
Bawang Putih,2025-04-01,Train,0.0,29.095165
Bayam,2023-07-01,Train,0.0,2748.438
Bayam,2023-08-01,Train,0.0,3520.5286
Bayam,2023-09-01,Train,14000.007,553.1315
Bayam,2023-10-01,Train,0.0,8.257863
Bayam,2023-11-01,Train,0.0,376.00406
Bayam,2023-12-01,Train,0.0,13871.42
Bayam,2024-01-01,Train,1999.9999,1466.9941
Bayam,2024-02-01,Train,20000.004,3163.2827
Bayam,2024-03-01,Train,50000.008,4895.9575
Bayam,2024-04-01,Train,88099.99,9614.872
Bayam,2024-05-01,Train,191799.9,5075.3945
Bayam,2024-06-01,Train,175000.0,4469.5215
Bayam,2024-07-01,Train,129999.97,8424.701
Bayam,2024-08-01,Train,186699.92,25444.047
Bayam,2024-09-01,Train,103600.04,63340.406
Bayam,2024-10-01,Train,162299.95,108785.65
Bayam,2024-11-01,Train,114100.0,132088.48
Bayam,2024-12-01,Train,200099.95,107790.48
Bayam,2025-01-01,Train,32000.01,79351.91
Bayam,2025-02-01,Train,23999.998,44703.875
Bayam,2025-03-01,Train,16000.001,20701.957
Bayam,2025-04-01,Train,16000.001,6806.796
Buncis,2023-07-01,Train,11999.997,6217.7153
Buncis,2023-08-01,Train,7499.999,14810.64
Buncis,2023-09-01,Train,28000.014,28677.678
Buncis,2023-10-01,Train,21000.01,38877.03
Buncis,2023-11-01,Train,75000.016,54082.66
Buncis,2023-12-01,Train,0.0,71866.61
Buncis,2024-01-01,Train,46000.016,46499.258
Buncis,2024-02-01,Train,39999.996,20366.791
Buncis,2024-03-01,Train,140000.06,4486.372
Buncis,2024-04-01,Train,189499.92,8456.12
Buncis,2024-05-01,Train,137500.02,4831.806
Buncis,2024-06-01,Train,28499.994,5129.3003
Buncis,2024-07-01,Train,0.0,7992.8516
Buncis,2024-08-01,Train,123800.02,9415.841
Buncis,2024-09-01,Train,145099.98,3765.5964
Buncis,2024-10-01,Train,67500.01,1385.3649
Buncis,2024-11-01,Train,64500.01,87480.81
Buncis,2024-12-01,Train,59100.01,104418.35
Buncis,2025-01-01,Train,71999.97,66577.61
Buncis,2025-02-01,Train,87999.98,39362.395
Buncis,2025-03-01,Train,95999.98,19840.709
Buncis,2025-04-01,Train,79999.96,9235.831
Cabai Besar,2023-07-01,Train,17999.998,6231.9473
Cabai Besar,2023-08-01,Train,17999.998,15594.035
Cabai Besar,2023-09-01,Train,36000.02,32516.854
Cabai Besar,2023-10-01,Train,17999.998,41625.875
Cabai Besar,2023-11-01,Train,114000.04,57447.66
Cabai Besar,2023-12-01,Train,47500.0,66613.31
Cabai Besar,2024-01-01,Train,119999.99,54275.418
Cabai Besar,2024-02-01,Train,30000.02,40421.414
Cabai Besar,2024-03-01,Train,89999.96,18052.936
Cabai Besar,2024-04-01,Train,0.0,8067.8374
Cabai Besar,2024-05-01,Train,0.0,2113.0042
Cabai Besar,2024-06-01,Train,0.0,51.756542
Cabai Besar,2024-07-01,Train,0.0,0.7285018
Cabai Besar,2024-08-01,Train,0.0,0.32933414
Cabai Besar,2024-09-01,Train,0.0,0.35514098
Cabai Besar,2024-10-01,Train,0.0,0.8286612
Cabai Besar,2024-11-01,Train,0.0,3.971156
Cabai Besar,2024-12-01,Train,0.0,81.486336
Cabai Besar,2025-01-01,Train,85499.984,1058.2605
Cabai Besar,2025-02-01,Train,94999.96,5281.076
Cabai Besar,2025-03-01,Train,133000.0,8225.562
Cabai Besar,2025-04-01,Train,123500.02,14501.673
Cabai Keriting,2023-07-01,Train,17999.998,6513.941
Cabai Keriting,2023-08-01,Train,9000.001,16391.947
Cabai Keriting,2023-09-01,Train,45000.016,33845.05
Cabai Keriting,2023-10-01,Train,17999.998,42194.418
Cabai Keriting,2023-11-01,Train,114000.04,55362.31
Cabai Keriting,2023-12-01,Train,47500.0,73183.05
Cabai Keriting,2024-01-01,Train,119999.99,57963.117
Cabai Keriting,2024-02-01,Train,30000.02,42903.637
Cabai Keriting,2024-03-01,Train,110000.016,19233.568
Cabai Keriting,2024-04-01,Train,0.0,8738.294
Cabai Keriting,2024-05-01,Train,0.0,2401.2612
Cabai Keriting,2024-06-01,Train,0.0,65.01985
Cabai Keriting,2024-07-01,Train,0.0,0.8136814
Cabai Keriting,2024-08-01,Train,0.0,0.37400422
Cabai Keriting,2024-09-01,Train,0.0,0.4047297
Cabai Keriting,2024-10-01,Train,0.0,0.9300008
Cabai Keriting,2024-11-01,Train,0.0,4.479246
Cabai Keriting,2024-12-01,Train,0.0,96.873215
Cabai Keriting,2025-01-01,Train,66499.98,1222.115
Cabai Keriting,2025-02-01,Train,85499.984,5624.312
Cabai Keriting,2025-03-01,Train,104499.96,8638.281
Cabai Keriting,2025-04-01,Train,104499.96,14988.701
Cabai Rawit,2023-07-01,Train,17999.998,4767.62
Cabai Rawit,2023-08-01,Train,17999.998,11960.398
Cabai Rawit,2023-09-01,Train,36000.02,24908.54
Cabai Rawit,2023-10-01,Train,17999.998,31334.688
Cabai Rawit,2023-11-01,Train,114000.04,44796.31
Cabai Rawit,2023-12-01,Train,19000.006,54081.133
Cabai Rawit,2024-01-01,Train,149999.95,44400.188
Cabai Rawit,2024-02-01,Train,39999.996,32472.893
Cabai Rawit,2024-03-01,Train,140000.06,13779.083
Cabai Rawit,2024-04-01,Train,0.0,7064.0283
Cabai Rawit,2024-05-01,Train,0.0,1659.6742
Cabai Rawit,2024-06-01,Train,0.0,38.667583
Cabai Rawit,2024-07-01,Train,0.0,0.46579126
Cabai Rawit,2024-08-01,Train,0.0,0.18535365
Cabai Rawit,2024-09-01,Train,0.0,0.194961
Cabai Rawit,2024-10-01,Train,0.0,0.48930573
Cabai Rawit,2024-11-01,Train,0.0,2.4756317
Cabai Rawit,2024-12-01,Train,0.0,37.277355
Cabai Rawit,2025-01-01,Train,37999.98,545.4668
Cabai Rawit,2025-02-01,Train,94999.96,3789.54
Cabai Rawit,2025-03-01,Train,133000.0,6357.049
Cabai Rawit,2025-04-01,Train,142500.03,10955.013
Jamur Tiram,2023-07-01,Train,0.0,0.06106389
Jamur Tiram,2023-08-01,Train,0.0,0.0
Jamur Tiram,2023-09-01,Train,0.0,0.0
Jamur Tiram,2023-10-01,Train,0.0,0.044723567
Jamur Tiram,2023-11-01,Train,0.0,0.50775236
Jamur Tiram,2023-12-01,Train,0.0,4.7712154
Jamur Tiram,2024-01-01,Train,0.0,67.6624
Jamur Tiram,2024-02-01,Train,0.0,257.1674
Jamur Tiram,2024-03-01,Train,0.0,122.53674
Jamur Tiram,2024-04-01,Train,0.0,20.741016
Jamur Tiram,2024-05-01,Train,0.0,3.3674972
Jamur Tiram,2024-06-01,Train,0.0,0.47309637
Jamur Tiram,2024-07-01,Train,0.0,0.06106389
Jamur Tiram,2024-08-01,Train,0.0,0.0
Jamur Tiram,2024-09-01,Train,0.0,0.0
Jamur Tiram,2024-10-01,Train,0.0,0.044723567
Jamur Tiram,2024-11-01,Train,0.0,0.50775236
Jamur Tiram,2024-12-01,Train,0.0,4.7712154
Jamur Tiram,2025-01-01,Train,0.0,67.6624
Jamur Tiram,2025-02-01,Train,40.0,257.1674
Jamur Tiram,2025-03-01,Train,40.0,182.92259
Jamur Tiram,2025-04-01,Train,0.0,51.888763
Kacang Panjang,2023-07-01,Train,0.0,0.1562637
Kacang Panjang,2023-08-01,Train,0.0,0.037317336
Kacang Panjang,2023-09-01,Train,0.0,0.031652305
Kacang Panjang,2023-10-01,Train,0.0,0.14383376
Kacang Panjang,2023-11-01,Train,0.0,0.9807377
Kacang Panjang,2023-12-01,Train,0.0,8.808004
Kacang Panjang,2024-01-01,Train,0.0,154.54376
Kacang Panjang,2024-02-01,Train,8000.0005,523.87177
Kacang Panjang,2024-03-01,Train,23999.998,598.54895
Kacang Panjang,2024-04-01,Train,0.0,617.6232
Kacang Panjang,2024-05-01,Train,0.0,862.5584
Kacang Panjang,2024-06-01,Train,0.0,15.118595
Kacang Panjang,2024-07-01,Train,0.0,0.17431109
Kacang Panjang,2024-08-01,Train,0.0,0.0375963
Kacang Panjang,2024-09-01,Train,0.0,0.034322087
Kacang Panjang,2024-10-01,Train,0.0,0.14383376
Kacang Panjang,2024-11-01,Train,0.0,0.9807377
Kacang Panjang,2024-12-01,Train,0.0,8.808004
Kacang Panjang,2025-01-01,Train,0.0,154.54376
Kacang Panjang,2025-02-01,Train,0.0,523.87177
Kacang Panjang,2025-03-01,Train,0.0,246.06062
Kacang Panjang,2025-04-01,Train,0.0,31.930082
Kangkung,2023-07-01,Train,5999.9995,1339.6239
Kangkung,2023-08-01,Train,7499.999,4137.0156
Kangkung,2023-09-01,Train,14500.003,10687.16
Kangkung,2023-10-01,Train,0.0,17110.537
Kangkung,2023-11-01,Train,30000.02,20300.395
Kangkung,2023-12-01,Train,0.0,15363.704
Kangkung,2024-01-01,Train,39999.996,5257.8433
Kangkung,2024-02-01,Train,1999.9999,12075.857
Kangkung,2024-03-01,Train,32000.01,2863.5322
Kangkung,2024-04-01,Train,0.0,4623.4575
Kangkung,2024-05-01,Train,0.0,379.43796
Kangkung,2024-06-01,Train,0.0,25.044003
Kangkung,2024-07-01,Train,0.0,0.39372563
Kangkung,2024-08-01,Train,0.0,0.1478856
Kangkung,2024-09-01,Train,0.0,0.15071164
Kangkung,2024-10-01,Train,0.0,0.3924259
Kangkung,2024-11-01,Train,0.0,2.072299
Kangkung,2024-12-01,Train,0.0,27.894823
Kangkung,2025-01-01,Train,32000.01,428.49228
Kangkung,2025-02-01,Train,32000.01,3219.7522
Kangkung,2025-03-01,Train,32000.01,5651.7695
Kangkung,2025-04-01,Train,32000.01,8912.713
Kembang Kol,2023-07-01,Train,11999.997,8852.177
Kembang Kol,2023-08-01,Train,15000.004,16994.668
Kembang Kol,2023-09-01,Train,21000.01,32292.14
Kembang Kol,2023-10-01,Train,14000.007,66986.0
Kembang Kol,2023-11-01,Train,30000.02,94540.78
Kembang Kol,2023-12-01,Train,16000.001,95954.83
Kembang Kol,2024-01-01,Train,79999.96,72103.82
Kembang Kol,2024-02-01,Train,79999.96,49147.6
Kembang Kol,2024-03-01,Train,159999.94,25699.297
Kembang Kol,2024-04-01,Train,152899.97,14511.048
Kembang Kol,2024-05-01,Train,233000.0,8071.9624
Kembang Kol,2024-06-01,Train,89199.98,8181.419
Kembang Kol,2024-07-01,Train,110100.04,14482.211
Kembang Kol,2024-08-01,Train,238899.95,38705.273
Kembang Kol,2024-09-01,Train,0.0,85345.89
Kembang Kol,2024-10-01,Train,110199.94,109320.086
Kembang Kol,2024-11-01,Train,230599.94,63916.09
Kembang Kol,2024-12-01,Train,146100.03,19562.8
Kembang Kol,2025-01-01,Train,108000.05,87653.92
Kembang Kol,2025-02-01,Train,89999.96,64678.707
Kembang Kol,2025-03-01,Train,71999.97,30060.127
Kembang Kol,2025-04-01,Train,71999.97,12963.39
Kentang,2023-07-01,Train,9000.001,0.72091705
Kentang,2023-08-01,Train,9000.001,0.8293925
Kentang,2023-09-01,Train,8000.0005,13.527886
Kentang,2023-10-01,Train,9000.001,21715.865
Kentang,2023-11-01,Train,0.0,39611.754
Kentang,2023-12-01,Train,0.0,32985.54
Kentang,2024-01-01,Train,39999.996,13706.125
Kentang,2024-02-01,Train,0.0,2900.4277
Kentang,2024-03-01,Train,0.0,2894.002
Kentang,2024-04-01,Train,82499.96,2121.1626
Kentang,2024-05-01,Train,91600.016,16.28129
Kentang,2024-06-01,Train,221900.1,27.142242
Kentang,2024-07-01,Train,202099.88,4773.6177
Kentang,2024-08-01,Train,209700.0,17068.562
Kentang,2024-09-01,Train,179999.97,52694.51
Kentang,2024-10-01,Train,260899.97,95305.71
Kentang,2024-11-01,Train,180500.03,115349.01
Kentang,2024-12-01,Train,81400.03,100443.055
Kentang,2025-01-01,Train,0.0,71269.97
Kentang,2025-02-01,Train,0.0,29263.477
Kentang,2025-03-01,Train,0.0,5236.8687
Kentang,2025-04-01,Train,0.0,33.188553
Kubis,2023-07-01,Train,12999.995,1.4670618
Kubis,2023-08-01,Train,8000.0005,2.2719743
Kubis,2023-09-01,Train,14000.007,122.01518
Kubis,2023-10-01,Train,7000.001,47134.223
Kubis,2023-11-01,Train,15000.004,70645.62
Kubis,2023-12-01,Train,16000.001,74774.49
Kubis,2024-01-01,Train,59999.98,57355.824
Kubis,2024-02-01,Train,59999.98,41893.453
Kubis,2024-03-01,Train,100000.016,23417.996
Kubis,2024-04-01,Train,178099.98,12487.07
Kubis,2024-05-01,Train,194799.89,6726.9673
Kubis,2024-06-01,Train,191899.98,6705.6978
Kubis,2024-07-01,Train,176899.98,13066.209
Kubis,2024-08-01,Train,238499.98,35642.49
Kubis,2024-09-01,Train,136899.95,90440.35
Kubis,2024-10-01,Train,18900.008,156261.14
Kubis,2024-11-01,Train,196900.02,169191.92
Kubis,2024-12-01,Train,170799.94,118654.79
Kubis,2025-01-01,Train,55999.984,74432.12
Kubis,2025-02-01,Train,23999.998,56082.15
Kubis,2025-03-01,Train,0.0,25751.693
Kubis,2025-04-01,Train,0.0,6951.8906
Labu Siam,2023-07-01,Train,11999.997,7333.3193
Labu Siam,2023-08-01,Train,15000.004,17059.793
Labu Siam,2023-09-01,Train,21000.01,29635.91
Labu Siam,2023-10-01,Train,21000.01,33953.594
Labu Siam,2023-11-01,Train,112499.984,49344.633
Labu Siam,2023-12-01,Train,8000.0005,59576.54
Labu Siam,2024-01-01,Train,299999.9,52185.266
Labu Siam,2024-02-01,Train,100000.016,36545.754
Labu Siam,2024-03-01,Train,319999.8,15564.329
Labu Siam,2024-04-01,Train,0.0,10000.308
Labu Siam,2024-05-01,Train,0.0,2817.8064
Labu Siam,2024-06-01,Train,0.0,69.829384
Labu Siam,2024-07-01,Train,0.0,0.63496196
Labu Siam,2024-08-01,Train,0.0,0.27304727
Labu Siam,2024-09-01,Train,0.0,0.2930313
Labu Siam,2024-10-01,Train,0.0,0.69401765
Labu Siam,2024-11-01,Train,0.0,3.3355896
Labu Siam,2024-12-01,Train,0.0,63.570103
Labu Siam,2025-01-01,Train,149999.95,862.95624
Labu Siam,2025-02-01,Train,135999.98,5072.636
Labu Siam,2025-03-01,Train,191999.94,8340.831
Labu Siam,2025-04-01,Train,239999.95,15484.27
Mentimun,2023-07-01,Train,0.0,747.10846
Mentimun,2023-08-01,Train,7000.001,832.1078
Mentimun,2023-09-01,Train,14500.003,319.8242
Mentimun,2023-10-01,Train,0.0,49.103832
Mentimun,2023-11-01,Train,30000.02,12981.171
Mentimun,2023-12-01,Train,0.0,14169.915
Mentimun,2024-01-01,Train,79999.96,4716.6235
Mentimun,2024-02-01,Train,30000.02,11629.319
Mentimun,2024-03-01,Train,59999.98,3103.0452
Mentimun,2024-04-01,Train,0.0,5971.813
Mentimun,2024-05-01,Train,0.0,1000.647
Mentimun,2024-06-01,Train,0.0,24.737011
Mentimun,2024-07-01,Train,0.0,0.3082817
Mentimun,2024-08-01,Train,0.0,0.10440897
Mentimun,2024-09-01,Train,0.0,0.10575707
Mentimun,2024-10-01,Train,0.0,0.2985427
Mentimun,2024-11-01,Train,0.0,1.6771283
Mentimun,2024-12-01,Train,0.0,20.191698
Mentimun,2025-01-01,Train,48000.01,330.4293
Mentimun,2025-02-01,Train,48000.01,2759.9922
Mentimun,2025-03-01,Train,39999.996,5524.788
Mentimun,2025-04-01,Train,23999.998,9127.908
Paprika,2023-07-01,Train,11999.997,5196.9604
Paprika,2023-08-01,Train,16000.001,7447.0874
Paprika,2023-09-01,Train,14500.003,31218.576
Paprika,2023-10-01,Train,21000.01,38066.85
Paprika,2023-11-01,Train,134000.06,53481.508
Paprika,2023-12-01,Train,0.0,60510.2
Paprika,2024-01-01,Train,340000.0,44921.996
Paprika,2024-02-01,Train,140000.06,21496.184
Paprika,2024-03-01,Train,360000.1,4861.9375
Paprika,2024-04-01,Train,0.0,10703.45
Paprika,2024-05-01,Train,0.0,3259.0195
Paprika,2024-06-01,Train,0.0,93.645966
Paprika,2024-07-01,Train,0.0,0.7726021
Paprika,2024-08-01,Train,0.0,0.3461851
Paprika,2024-09-01,Train,0.0,0.3742917
Paprika,2024-10-01,Train,0.0,0.856104
Paprika,2024-11-01,Train,0.0,4.1021013
Paprika,2024-12-01,Train,0.0,85.44383
Paprika,2025-01-01,Train,22499.99,1097.5787
Paprika,2025-02-01,Train,287999.88,5159.216
Paprika,2025-03-01,Train,37499.99,7942.286
Paprika,2025-04-01,Train,272000.06,13505.265
Petsai/Sawi,2023-07-01,Train,0.0,6.191146
Petsai/Sawi,2023-08-01,Train,0.0,296.11194
Petsai/Sawi,2023-09-01,Train,7499.999,63.969048
Petsai/Sawi,2023-10-01,Train,0.0,2.1024663
Petsai/Sawi,2023-11-01,Train,0.0,42.33591
Petsai/Sawi,2023-12-01,Train,0.0,5030.579
Petsai/Sawi,2024-01-01,Train,20000.004,327.093
Petsai/Sawi,2024-02-01,Train,39999.996,1189.6521
Petsai/Sawi,2024-03-01,Train,59999.98,3656.8098
Petsai/Sawi,2024-04-01,Train,0.0,8064.1133
Petsai/Sawi,2024-05-01,Train,0.0,1334.8275
Petsai/Sawi,2024-06-01,Train,0.0,25.6445
Petsai/Sawi,2024-07-01,Train,0.0,0.32549477
Petsai/Sawi,2024-08-01,Train,0.0,0.11121472
Petsai/Sawi,2024-09-01,Train,0.0,0.11395167
Petsai/Sawi,2024-10-01,Train,0.0,0.32055783
Petsai/Sawi,2024-11-01,Train,0.0,1.7703012
Petsai/Sawi,2024-12-01,Train,0.0,21.369934
Petsai/Sawi,2025-01-01,Train,64000.016,343.57574
Petsai/Sawi,2025-02-01,Train,23999.998,2861.218
Petsai/Sawi,2025-03-01,Train,64000.016,5462.1777
Petsai/Sawi,2025-04-01,Train,0.0,8818.83
Terung,2023-07-01,Train,11999.997,3000.3655
Terung,2023-08-01,Train,7000.001,839.7697
Terung,2023-09-01,Train,14500.003,52.053734
Terung,2023-10-01,Train,28000.014,22378.34
Terung,2023-11-01,Train,112499.984,45788.92
Terung,2023-12-01,Train,39999.996,63604.086
Terung,2024-01-01,Train,225000.02,60434.53
Terung,2024-02-01,Train,59999.98,42804.414
Terung,2024-03-01,Train,319999.8,19530.62
Terung,2024-04-01,Train,0.0,9933.801
Terung,2024-05-01,Train,0.0,2882.529
Terung,2024-06-01,Train,0.0,92.96971
Terung,2024-07-01,Train,0.0,0.76972
Terung,2024-08-01,Train,0.0,0.3423669
Terung,2024-09-01,Train,0.0,0.3686149
Terung,2024-10-01,Train,0.0,0.8461407
Terung,2024-11-01,Train,0.0,4.0652966
Terung,2024-12-01,Train,0.0,85.18445
Terung,2025-01-01,Train,87999.98,1100.6753
Terung,2025-02-01,Train,103999.97,5452.9287
Terung,2025-03-01,Train,127999.99,8558.472
Terung,2025-04-01,Train,119999.99,15239.948
Tomat,2023-07-01,Train,11999.997,7749.9067
Tomat,2023-08-01,Train,8000.0005,18920.092
Tomat,2023-09-01,Train,28000.014,36079.58
Tomat,2023-10-01,Train,28000.014,40496.06
Tomat,2023-11-01,Train,97500.055,55621.043
Tomat,2023-12-01,Train,16000.001,74573.31
Tomat,2024-01-01,Train,260000.06,63340.07
Tomat,2024-02-01,Train,79999.96,42819.43
Tomat,2024-03-01,Train,260000.06,19428.2
Tomat,2024-04-01,Train,0.0,11388.271
Tomat,2024-05-01,Train,0.0,3336.6453
Tomat,2024-06-01,Train,0.0,115.78287
Tomat,2024-07-01,Train,0.0,0.9577183
Tomat,2024-08-01,Train,0.0,0.45062807
Tomat,2024-09-01,Train,0.0,0.4930379
Tomat,2024-10-01,Train,0.0,1.1134682
Tomat,2024-11-01,Train,0.0,5.682596
Tomat,2024-12-01,Train,0.0,128.84082
Tomat,2025-01-01,Train,110000.016,1561.3085
Tomat,2025-02-01,Train,100000.016,6222.865
Tomat,2025-03-01,Train,140000.06,9581.612
Tomat,2025-04-01,Train,129999.97,17030.049
Wortel,2023-07-01,Train,0.0,1203.7875
Wortel,2023-08-01,Train,0.0,1131.4028
Wortel,2023-09-01,Train,0.0,98.92628
Wortel,2023-10-01,Train,0.0,1.4487988
Wortel,2023-11-01,Train,0.0,3.3701763
Wortel,2023-12-01,Train,0.0,39.001343
Wortel,2024-01-01,Train,1499.9998,636.93756
Wortel,2024-02-01,Train,15000.004,3509.1658
Wortel,2024-03-01,Train,15000.004,5166.0264
Wortel,2024-04-01,Train,237000.12,6953.6807
Wortel,2024-05-01,Train,106099.96,3472.6094
Wortel,2024-06-01,Train,201200.06,2592.3428
Wortel,2024-07-01,Train,74000.01,6843.3174
Wortel,2024-08-01,Train,154099.92,15200.848
Wortel,2024-09-01,Train,34500.008,42259.758
Wortel,2024-10-01,Train,162500.06,66761.71
Wortel,2024-11-01,Train,206100.11,87552.83
Wortel,2024-12-01,Train,122800.05,74457.76
Wortel,2025-01-01,Train,17999.998,68114.43
Wortel,2025-02-01,Train,17999.998,38993.008
Wortel,2025-03-01,Train,17999.998,15406.987
Wortel,2025-04-01,Train,17999.998,4890.6494
Bawang Daun,2025-05-01,Validation,17999.998,4376.694
Bawang Daun,2025-06-01,Validation,8000.0005,3623.1519
Bawang Daun,2025-07-01,Validation,11999.997,4525.927
Bawang Daun,2025-08-01,Validation,14000.007,8876.78
Bawang Daun,2025-09-01,Validation,16000.001,21107.725
Bawang Merah,2025-05-01,Validation,0.0,4.3342633
Bawang Merah,2025-06-01,Validation,0.0,0.9865617
Bawang Merah,2025-07-01,Validation,0.0,0.37070167
Bawang Merah,2025-08-01,Validation,0.0,0.14663835
Bawang Merah,2025-09-01,Validation,0.0,0.14233686
Bawang Putih,2025-05-01,Validation,0.0,5.8438096
Bawang Putih,2025-06-01,Validation,0.0,1.4230546
Bawang Putih,2025-07-01,Validation,0.0,0.5642773
Bawang Putih,2025-08-01,Validation,0.0,0.2536592
Bawang Putih,2025-09-01,Validation,0.0,0.25326955
Bayam,2025-05-01,Validation,16000.001,3104.1953
Bayam,2025-06-01,Validation,15000.004,1755.2782
Bayam,2025-07-01,Validation,0.0,2748.438
Bayam,2025-08-01,Validation,0.0,3520.5286
Bayam,2025-09-01,Validation,14000.007,553.1315
Buncis,2025-05-01,Validation,79999.96,4859.914
Buncis,2025-06-01,Validation,50000.008,4005.5654
Buncis,2025-07-01,Validation,11999.997,6217.7153
Buncis,2025-08-01,Validation,7499.999,14810.64
Buncis,2025-09-01,Validation,28000.014,28677.678
Cabai Besar,2025-05-01,Validation,123500.02,4733.1255
Cabai Besar,2025-06-01,Validation,118000.04,3905.8098
Cabai Besar,2025-07-01,Validation,17999.998,6231.9473
Cabai Besar,2025-08-01,Validation,17999.998,15594.035
Cabai Besar,2025-09-01,Validation,36000.02,32516.854
Cabai Keriting,2025-05-01,Validation,104499.96,5006.0146
Cabai Keriting,2025-06-01,Validation,104499.96,4039.4563
Cabai Keriting,2025-07-01,Validation,17999.998,6513.941
Cabai Keriting,2025-08-01,Validation,9000.001,16391.947
Cabai Keriting,2025-09-01,Validation,45000.016,33845.05
Cabai Rawit,2025-05-01,Validation,142500.03,3967.271
Cabai Rawit,2025-06-01,Validation,135500.0,3027.3645
Cabai Rawit,2025-07-01,Validation,17999.998,4767.62
Cabai Rawit,2025-08-01,Validation,17999.998,11960.398
Cabai Rawit,2025-09-01,Validation,36000.02,24908.54
Jamur Tiram,2025-05-01,Validation,0.0,18.619123
Jamur Tiram,2025-06-01,Validation,0.0,1.7221677
Jamur Tiram,2025-07-01,Validation,0.0,0.06524913
Jamur Tiram,2025-08-01,Validation,0.0,0.0
Jamur Tiram,2025-09-01,Validation,0.0,0.0
Kacang Panjang,2025-05-01,Validation,0.0,5.337917
Kacang Panjang,2025-06-01,Validation,0.0,0.83278275
Kacang Panjang,2025-07-01,Validation,0.0,0.1562637
Kacang Panjang,2025-08-01,Validation,0.0,0.037317336
Kacang Panjang,2025-09-01,Validation,0.0,0.031652305
Kangkung,2025-05-01,Validation,32000.01,2584.7761
Kangkung,2025-06-01,Validation,28000.014,1049.624
Kangkung,2025-07-01,Validation,5999.9995,1339.6239
Kangkung,2025-08-01,Validation,7499.999,4137.0156
Kangkung,2025-09-01,Validation,14500.003,10687.16
Kembang Kol,2025-05-01,Validation,36000.02,6820.2974
Kembang Kol,2025-06-01,Validation,8000.0005,5873.008
Kembang Kol,2025-07-01,Validation,11999.997,8852.177
Kembang Kol,2025-08-01,Validation,15000.004,16994.668
Kembang Kol,2025-09-01,Validation,21000.01,32292.14
Kentang,2025-05-01,Validation,0.0,6.902266
Kentang,2025-06-01,Validation,0.0,1.7555867
Kentang,2025-07-01,Validation,9000.001,0.72091705
Kentang,2025-08-01,Validation,9000.001,0.8293925
Kentang,2025-09-01,Validation,8000.0005,13.527886
Kubis,2025-05-01,Validation,0.0,396.30365
Kubis,2025-06-01,Validation,0.0,4.150143
Kubis,2025-07-01,Validation,12999.995,1.4670618
Kubis,2025-08-01,Validation,8000.0005,2.2719743
Kubis,2025-09-01,Validation,14000.007,122.01518
Labu Siam,2025-05-01,Validation,239999.95,4890.3325
Labu Siam,2025-06-01,Validation,128999.98,4286.859
Labu Siam,2025-07-01,Validation,11999.997,7333.3193
Labu Siam,2025-08-01,Validation,15000.004,17059.793
Labu Siam,2025-09-01,Validation,21000.01,29635.91
Mentimun,2025-05-01,Validation,23999.998,2471.4524
Mentimun,2025-06-01,Validation,21000.01,781.921
Mentimun,2025-07-01,Validation,0.0,747.10846
Mentimun,2025-08-01,Validation,7000.001,832.1078
Mentimun,2025-09-01,Validation,14500.003,319.8242
Paprika,2025-05-01,Validation,7499.999,5651.6377
Paprika,2025-06-01,Validation,136499.98,2918.0645
Paprika,2025-07-01,Validation,11999.997,5196.9604
Paprika,2025-08-01,Validation,16000.001,7447.0874
Paprika,2025-09-01,Validation,14500.003,31218.576
Petsai/Sawi,2025-05-01,Validation,16000.001,953.90576
Petsai/Sawi,2025-06-01,Validation,16000.001,49.9483
Petsai/Sawi,2025-07-01,Validation,0.0,6.191146
Petsai/Sawi,2025-08-01,Validation,0.0,296.11194
Petsai/Sawi,2025-09-01,Validation,7499.999,63.969048
Terung,2025-05-01,Validation,119999.99,5014.395
Terung,2025-06-01,Validation,0.0,4081.7317
Terung,2025-07-01,Validation,11999.997,3000.3655
Terung,2025-08-01,Validation,7000.001,839.7697
Terung,2025-09-01,Validation,14500.003,52.053734
Tomat,2025-05-01,Validation,129999.97,5528.86
Tomat,2025-06-01,Validation,117000.04,4750.2754
Tomat,2025-07-01,Validation,11999.997,7749.9067
Tomat,2025-08-01,Validation,8000.0005,18920.092
Tomat,2025-09-01,Validation,28000.014,36079.58
Wortel,2025-05-01,Validation,17999.998,2171.1816
Wortel,2025-06-01,Validation,7499.999,938.00476
Wortel,2025-07-01,Validation,0.0,1203.7875
Wortel,2025-08-01,Validation,0.0,1131.4028
Wortel,2025-09-01,Validation,0.0,98.92628
Bawang Daun,2025-10-01,Test,14500.003,46394.63
Bawang Daun,2025-11-01,Test,37499.99,67520.805
Bawang Daun,2025-12-01,Test,23999.998,72383.87
Bawang Daun,2026-01-01,Test,59999.98,59874.62
Bawang Daun,2026-02-01,Test,59999.98,42127.117
Bawang Daun,2026-03-01,Test,59999.98,21112.838
Bawang Merah,2025-10-01,Test,0.0,0.3825103
Bawang Merah,2025-11-01,Test,0.0,2.0309432
Bawang Merah,2025-12-01,Test,0.0,28.481733
Bawang Merah,2026-01-01,Test,0.0,444.05728
Bawang Merah,2026-02-01,Test,0.0,1372.4955
Bawang Merah,2026-03-01,Test,30000.02,637.4579
Bawang Putih,2025-10-01,Test,0.0,0.6102161
Bawang Putih,2025-11-01,Test,0.0,2.9438384
Bawang Putih,2025-12-01,Test,0.0,50.685314
Bawang Putih,2026-01-01,Test,0.0,702.2448
Bawang Putih,2026-02-01,Test,0.0,2020.5
Bawang Putih,2026-03-01,Test,0.0,938.8225
Bayam,2025-10-01,Test,0.0,8.257863
Bayam,2025-11-01,Test,0.0,376.00406
Bayam,2025-12-01,Test,0.0,13871.42
Bayam,2026-01-01,Test,1999.9999,1466.9941
Bayam,2026-02-01,Test,20000.004,3163.2827
Bayam,2026-03-01,Test,50000.008,4895.9575
Buncis,2025-10-01,Test,21000.01,38877.03
Buncis,2025-11-01,Test,75000.016,54082.66
Buncis,2025-12-01,Test,0.0,71866.61
Buncis,2026-01-01,Test,46000.016,46499.258
Buncis,2026-02-01,Test,39999.996,20366.791
Buncis,2026-03-01,Test,140000.06,4486.372
Cabai Besar,2025-10-01,Test,17999.998,41625.875
Cabai Besar,2025-11-01,Test,114000.04,57447.66
Cabai Besar,2025-12-01,Test,47500.0,66613.31
Cabai Besar,2026-01-01,Test,119999.99,54275.418
Cabai Besar,2026-02-01,Test,30000.02,40421.414
Cabai Besar,2026-03-01,Test,89999.96,18052.936
Cabai Keriting,2025-10-01,Test,17999.998,42194.418
Cabai Keriting,2025-11-01,Test,114000.04,55362.31
Cabai Keriting,2025-12-01,Test,47500.0,73183.05
Cabai Keriting,2026-01-01,Test,119999.99,57963.117
Cabai Keriting,2026-02-01,Test,30000.02,42903.637
Cabai Keriting,2026-03-01,Test,110000.016,19233.568
Cabai Rawit,2025-10-01,Test,17999.998,31334.688
Cabai Rawit,2025-11-01,Test,114000.04,44796.31
Cabai Rawit,2025-12-01,Test,19000.006,54081.133
Cabai Rawit,2026-01-01,Test,149999.95,44400.188
Cabai Rawit,2026-02-01,Test,39999.996,32472.893
Cabai Rawit,2026-03-01,Test,140000.06,13779.083
Jamur Tiram,2025-10-01,Test,0.0,0.044723567
Jamur Tiram,2025-11-01,Test,0.0,0.50775236
Jamur Tiram,2025-12-01,Test,0.0,4.7712154
Jamur Tiram,2026-01-01,Test,0.0,67.6624
Jamur Tiram,2026-02-01,Test,19.999996,257.1674
Jamur Tiram,2026-03-01,Test,155000.05,170.32703
Kacang Panjang,2025-10-01,Test,0.0,0.14383376
Kacang Panjang,2025-11-01,Test,0.0,0.9807377
Kacang Panjang,2025-12-01,Test,0.0,8.808004
Kacang Panjang,2026-01-01,Test,0.0,154.54376
Kacang Panjang,2026-02-01,Test,8000.0005,523.87177
Kacang Panjang,2026-03-01,Test,23999.998,598.54895
Kangkung,2025-10-01,Test,0.0,17110.537
Kangkung,2025-11-01,Test,30000.02,20300.395
Kangkung,2025-12-01,Test,0.0,15363.704
Kangkung,2026-01-01,Test,39999.996,5257.8433
Kangkung,2026-02-01,Test,1999.9999,12075.857
Kangkung,2026-03-01,Test,32000.01,2863.5322
Kembang Kol,2025-10-01,Test,14000.007,66986.0
Kembang Kol,2025-11-01,Test,30000.02,94540.78
Kembang Kol,2025-12-01,Test,16000.001,95954.83
Kembang Kol,2026-01-01,Test,79999.96,72103.82
Kembang Kol,2026-02-01,Test,79999.96,49147.6
Kembang Kol,2026-03-01,Test,159999.94,25699.297
Kentang,2025-10-01,Test,9000.001,21715.865
Kentang,2025-11-01,Test,0.0,39611.754
Kentang,2025-12-01,Test,0.0,32985.54
Kentang,2026-01-01,Test,39999.996,13706.125
Kentang,2026-02-01,Test,0.0,2900.4277
Kentang,2026-03-01,Test,0.0,2894.002
Kubis,2025-10-01,Test,7000.001,47134.223
Kubis,2025-11-01,Test,15000.004,70645.62
Kubis,2025-12-01,Test,16000.001,74774.49
Kubis,2026-01-01,Test,59999.98,57355.824
Kubis,2026-02-01,Test,59999.98,41893.453
Kubis,2026-03-01,Test,100000.016,23417.996
Labu Siam,2025-10-01,Test,21000.01,33953.594
Labu Siam,2025-11-01,Test,112499.984,49344.633
Labu Siam,2025-12-01,Test,8000.0005,59576.54
Labu Siam,2026-01-01,Test,299999.9,52185.266
Labu Siam,2026-02-01,Test,100000.016,36545.754
Labu Siam,2026-03-01,Test,319999.8,15564.329
Mentimun,2025-10-01,Test,0.0,49.103832
Mentimun,2025-11-01,Test,30000.02,12981.171
Mentimun,2025-12-01,Test,0.0,14169.915
Mentimun,2026-01-01,Test,79999.96,4716.6235
Mentimun,2026-02-01,Test,30000.02,11629.319
Mentimun,2026-03-01,Test,59999.98,3103.0452
Paprika,2025-10-01,Test,21000.01,38066.85
Paprika,2025-11-01,Test,134000.06,53481.508
Paprika,2025-12-01,Test,0.0,60510.2
Paprika,2026-01-01,Test,340000.0,44921.996
Paprika,2026-02-01,Test,140000.06,21496.184
Paprika,2026-03-01,Test,360000.1,4861.9375
Petsai/Sawi,2025-10-01,Test,0.0,2.1024663
Petsai/Sawi,2025-11-01,Test,0.0,42.33591
Petsai/Sawi,2025-12-01,Test,0.0,5030.579
Petsai/Sawi,2026-01-01,Test,20000.004,327.093
Petsai/Sawi,2026-02-01,Test,39999.996,1189.6521
Petsai/Sawi,2026-03-01,Test,59999.98,3656.8098
Terung,2025-10-01,Test,28000.014,22378.34
Terung,2025-11-01,Test,112499.984,45788.92
Terung,2025-12-01,Test,39999.996,63604.086
Terung,2026-01-01,Test,225000.02,60434.53
Terung,2026-02-01,Test,59999.98,42804.414
Terung,2026-03-01,Test,319999.8,19530.62
Tomat,2025-10-01,Test,28000.014,40496.06
Tomat,2025-11-01,Test,97500.055,55621.043
Tomat,2025-12-01,Test,16000.001,74573.31
Tomat,2026-01-01,Test,260000.06,63340.07
Tomat,2026-02-01,Test,79999.96,42819.43
Tomat,2026-03-01,Test,260000.06,19428.2
Wortel,2025-10-01,Test,0.0,1.4487988
Wortel,2025-11-01,Test,0.0,3.3701763
Wortel,2025-12-01,Test,0.0,39.001343
Wortel,2026-01-01,Test,1499.9998,636.93756
Wortel,2026-02-01,Test,15000.004,3509.1658
Wortel,2026-03-01,Test,15000.004,5166.027
